scenario,mean_var_profit_gain,sd_over_seeds
"no_shock (σ=0, ρ=0)",0.004123849061357341,0.002620054063860994
"shock (σ=0.15, ρ=0.85)",0.004123849061357341,0.002620054063860994
