{"meta": {"n": 2, "c": 1.0, "b": 3.0, "phi": 1.0, "sigma": 0.0, "rho": 0.0, "kappa": Infinity, "K": 1, "price_grid": [1.0, 1.25, 1.5, 1.75, 2.0], "observed_shocks": true, "mu": 1.5, "seed": 42, "n_actions": 5, "fp": "42623b3288d6c452aefb6ce3"}, "Q": {"((2, 2),)": [2.0447311288185595, 8.482265899352397, 6.775511703387077, 4.7702662573303956, 2.8798979756822782], "((3, 2),)": [2.049090631131702, 5.514318199954653, 5.375549125997512, 4.252523806897068, 2.3700425011893387], "((4, 3),)": [1.1459690305794754, 2.226351689467754, 1.9247260735346292, 2.3512939595666116, 1.4268762926763312], "((0, 4),)": [0.8108048132130359, 1.6115969466613265, 1.962804068611254, 1.6553361475200095, 0.9683481314392097], "((3, 3),)": [1.3121152529360012, 3.2547202794771564, 3.906812613517118, 2.957270385745614, 1.8573412028551406], "((0, 2),)": [1.285965497243765, 3.3663462555458263, 2.7833741300821147, 2.764233659637956, 1.1762231879090133], "((1, 4),)": [1.385745094982236, 3.090968803517668, 2.9442593094685616, 2.4524011822961986, 1.8067345723165102], "((3, 4),)": [1.2599958553062043, 2.34035571934756, 3.0981772905697302, 2.2200732794793625, 1.287558527281793], "((2, 1),)": [2.0928196696438732, 8.538892847845734, 6.688516366997277, 4.831640818225943, 2.223400750229404], "((2, 0),)": [1.09081349446606, 2.2041202668947086, 2.7069215194855873, 1.9276838299785073, 1.4054514856742437], "((3, 1),)": [1.8235597073375456, 5.829930449127945, 5.3922655963298896, 4.097371167016316, 2.113410607341288], "((4, 4),)": [0.8508192056917045, 1.7837599700762883, 1.7027758834187843, 1.8665057395894906, 0.7566863123726888], "((3, 0),)": [0.9560661458398895, 1.6438093754291148, 2.37222552011331, 2.4027768088375194, 1.1942530157966669], "((0, 3),)": [1.0039246639046686, 1.921854601559192, 2.5370324157836692, 2.19656337858129, 0.9653382162981209], "((1, 1),)": [1.7545863449634262, 43.741190575238384, 7.947783896002281, 4.700216400060297, 2.3184066794470524], "((1, 3),)": [1.698200594026651, 3.7070463445459785, 4.200290520665691, 3.4351108332427063, 1.4958374469469702], "((2, 4),)": [1.2417532999260212, 2.3303929294795758, 3.7371134368511694, 2.873600548693543, 1.454136814324629], "((0, 0),)": [0.6343034780246706, 1.4346612370831946, 1.459150218776478, 1.333691686272482, 0.6941149118678789], "((2, 3),)": [1.583612635721195, 4.085767624564819, 3.9404846537577702, 3.580538732585624, 2.00840995657354], "((1, 2),)": [1.9916147788371101, 14.238978201392198, 7.395229774100264, 4.637097448286686, 2.3712276711193563], "((4, 1),)": [1.4260723716605788, 3.7075599539299997, 2.890942802019471, 2.4956861465899944, 1.5320916669559945], "((0, 1),)": [1.0249312184509862, 2.549481300290159, 2.9937975843196787, 2.4202999954582674, 1.2593334506546976], "((4, 0),)": [0.6569062110327486, 1.4907440902161166, 1.8215245004129077, 1.6799384355351679, 0.745088648753188], "((1, 0),)": [0.952471601909705, 2.0599928220160675, 1.7689942745459424, 2.6847288890095724, 1.522727209017882], "((4, 2),)": [1.057038843141684, 3.1754403801240265, 3.5954309983947947, 3.087072115674449, 1.4370440336760133]}}