{"meta": {"n": 2, "c": 1.0, "b": 3.0, "phi": 1.0, "sigma": 0.0, "rho": 0.0, "kappa": Infinity, "K": 1, "price_grid": [1.0, 1.25, 1.5, 1.75, 2.0], "observed_shocks": true, "mu": 1.5, "seed": 42, "n_actions": 5, "fp": "42623b3288d6c452aefb6ce3"}, "Q": {"((2, 2),)": [1.642969281943219, 7.623715191277198, 7.5311551275341095, 4.413360277886963, 2.0061016523159165], "((4, 2),)": [0.8444721643244457, 2.2508392712364613, 3.600941048493597, 1.7126805379023855, 0.8994163227504361], "((3, 0),)": [0.9535211536080389, 2.546653364373123, 3.261610558984174, 2.281631509279836, 0.9013135931133663], "((4, 4),)": [0.8432400074519326, 1.6231492253725364, 2.3798290264261537, 1.5904330202281183, 1.1603631449947962], "((0, 3),)": [0.7501943046063317, 1.431056361491939, 2.6024132425784017, 1.888617971304268, 1.2208457637964374], "((1, 0),)": [1.1906926796989776, 3.141334066684984, 3.6285899035275326, 2.613963234688518, 1.6808385385726528], "((4, 0),)": [0.46626063676501694, 1.4482889543421853, 2.284980109012355, 1.766250840809637, 0.5869673908387205], "((0, 4),)": [0.7573162008818769, 1.9183895748117163, 1.0237059516237044, 1.6316559404642637, 1.1511732221677917], "((1, 4),)": [0.765305378953115, 1.6664577691669091, 4.68591190345325, 2.133388665965662, 1.2149251354383745], "((2, 0),)": [1.2147316781177637, 2.540807718887748, 6.007057777856373, 2.8143356802520354, 1.2034268727699704], "((3, 3),)": [1.1163465315250272, 2.9717415528834707, 4.46696638444268, 2.451569865426396, 1.3962437314354808], "((3, 1),)": [1.187413235952109, 2.6627627365852495, 5.643067824321915, 2.840965875066143, 1.4199582315841979], "((3, 2),)": [1.1636948040699284, 4.246303319517629, 4.5398138468458855, 2.6802761849855194, 1.696540887882485], "((0, 2),)": [1.0449238669678953, 2.5514398383329695, 1.7997826160954846, 2.2758024359927007, 1.2592982691966939], "((4, 3),)": [1.3004651657578525, 1.668221484925454, 2.405156768403645, 2.0177997237745395, 1.3483595559045822], "((0, 1),)": [0.9943393604016467, 1.7024529955855325, 3.1633577963913417, 1.59812739727315, 0.8476355714122495], "((1, 3),)": [1.3143848094581614, 3.714938091761105, 6.231797953483345, 2.3290648635013746, 1.4502468144183747], "((4, 1),)": [0.9911263874992515, 2.644363859013374, 1.926522897709667, 1.9823970769684403, 1.0287043778975036], "((1, 2),)": [1.2981549952616627, 4.038498199391539, 7.421846757324446, 3.4931019455853565, 1.402737377744836], "((2, 4),)": [1.179126643810045, 3.764138527305751, 6.031509316662745, 2.8524675669584494, 1.3667773203622593], "((3, 4),)": [0.5903336314985542, 2.2258349472756356, 4.128391647354918, 1.755230020278211, 0.9738153208461994], "((2, 1),)": [1.737833765766865, 21.468756410876, 21.3576779632348, 3.6031488978389614, 1.6679931569413768], "((0, 0),)": [0.40657184678921643, 1.151806335927056, 2.0254562451385962, 1.3437853981824337, 0.6965373336180967], "((1, 1),)": [1.346245142564473, 4.918713015311322, 21.359166395678294, 3.148233241310732, 1.4263965792188071], "((2, 3),)": [1.1390277930986203, 4.993497920730215, 6.600992415169789, 3.7173214015600187, 1.9287665553929976]}}