{"meta": {"n": 2, "c": 1.0, "b": 3.0, "phi": 1.0, "sigma": 0.0, "rho": 0.0, "kappa": Infinity, "K": 1, "price_grid": [1.0, 1.25, 1.5, 1.75, 2.0], "observed_shocks": true, "mu": 1.5, "seed": 42, "n_actions": 5, "fp": "42623b3288d6c452aefb6ce3"}, "Q": {"((2, 2),)": [2.296201613480069, 6.84089788522031, 5.448093328353134, 3.972597810750143, 2.3243850890621274], "((2, 4),)": [1.0326546052344225, 2.3124634167537588, 1.9930149160232795, 2.010082048129704, 1.3494697854864632], "((0, 1),)": [0.9052685712709623, 3.6713188426484855, 2.2015064637720876, 2.0370156416723364, 1.161060929124467], "((0, 0),)": [0.791993071811217, 1.4023187819714125, 1.2006924420322318, 1.1284208658995314, 0.9414986338462958], "((0, 4),)": [0.7281034614877637, 0.7543145631564367, 1.7669663688879595, 1.6241462580765527, 0.7074383549460622], "((2, 3),)": [1.6477210972318415, 5.569020174291827, 4.145370626166189, 3.046642927252874, 2.0648738322383022], "((0, 2),)": [1.4501521093882328, 2.9128565255877428, 2.9150182920496737, 2.590021900582581, 1.6800075663011087], "((4, 0),)": [0.8699234315672126, 1.4140385680565482, 1.7558579269808783, 1.343318813984932, 1.0384079516858054], "((1, 0),)": [0.787166759376777, 2.1571034360705412, 2.652116915804611, 2.324661872431005, 1.4931377871082825], "((1, 1),)": [2.0969642817689, 43.743507186228456, 6.431388860460978, 3.7047644591256486, 2.38498094845007], "((4, 3),)": [0.9083731384563243, 2.802433244188389, 2.327076042097626, 1.9314619940869526, 1.501167926925554], "((3, 1),)": [1.366022966615393, 4.280606882409241, 4.729054463092835, 2.7949580650345562, 1.9229401721198325], "((0, 3),)": [1.0954781094154857, 2.357994171653941, 2.2956404545050426, 1.4329783152116906, 1.2388500047733417], "((4, 4),)": [0.7440154517818687, 1.4192404013622695, 1.792493999358785, 1.3720992053614023, 0.9292440478916004], "((3, 4),)": [0.8784507190799128, 1.9392803592921815, 1.8488408284462583, 2.113259995567161, 1.4301136944574018], "((3, 2),)": [2.2053327508498475, 5.258273659051498, 4.0525641955068075, 3.22879106363792, 2.4308033126351947], "((1, 3),)": [1.4910550074861284, 7.486334455925701, 4.491331305731086, 2.873521747823018, 2.2317780056658822], "((3, 3),)": [1.5102380108122893, 3.8666520332621466, 2.7163034156412134, 2.6048251110917353, 2.099150089121832], "((2, 0),)": [0.9171208959171742, 2.958591630584742, 2.4176471330765628, 2.4456120498705336, 1.169759834638258], "((2, 1),)": [1.8751377768541453, 7.489887454226469, 4.911689676723988, 3.895505593147653, 2.244648895684146], "((3, 0),)": [1.0616936501677576, 2.0101959381966803, 2.206804610688742, 1.9183760215429815, 1.378508859033067], "((1, 2),)": [2.149567887597372, 17.473160465807645, 6.241146141059365, 4.108440862682639, 2.376057475465455], "((1, 4),)": [1.0612978177805248, 2.2696124613033266, 2.7880628155894267, 1.8019849366918694, 1.7821285729978968], "((4, 1),)": [1.2859870429055196, 3.126104802934112, 3.161959710071076, 2.0635410171644484, 1.7161840348711834], "((4, 2),)": [1.528139404358221, 3.8473644185058946, 3.115859466863052, 2.8014967829254482, 1.4432620458551422]}}