{"meta": {"n": 2, "c": 1.0, "b": 3.0, "phi": 1.0, "sigma": 0.0, "rho": 0.0, "kappa": Infinity, "K": 1, "price_grid": [1.0, 1.25, 1.5, 1.75, 2.0], "observed_shocks": true, "mu": 1.5, "seed": 42, "n_actions": 5, "fp": "42623b3288d6c452aefb6ce3"}, "Q": {"((2, 2),)": [2.204598334567686, 6.3002393003929615, 5.697031253629778, 4.5645917134100955, 2.466320933796694], "((2, 4),)": [1.0234957907724112, 2.7632962271744907, 3.154858532783988, 1.8456450317994626, 1.4324848785825388], "((0, 1),)": [1.3080249364391867, 1.663662890974859, 4.111849172051711, 2.7400756127323804, 1.2852877789125332], "((0, 0),)": [0.4541505968775262, 1.1273157515540024, 1.6609907664562196, 1.68654400779357, 0.8164971720317853], "((0, 4),)": [0.773939344261314, 1.3982377570496738, 2.28193697189615, 1.3675353446597407, 0.6985446893288001], "((2, 3),)": [2.1356610113133705, 5.24219125172524, 5.215156434331582, 3.7751201154740714, 1.7380787128276878], "((0, 2),)": [1.4651610597654772, 3.314140618645453, 3.4485627492752093, 3.575422589097856, 1.1110765408893295], "((4, 0),)": [0.9875497493132597, 1.4740372303076916, 2.245140442238331, 1.5480524629397907, 0.9225696331274611], "((1, 0),)": [1.0303471679347465, 3.1697614233653413, 3.4994336966487287, 2.2301337045606417, 1.0831285719612243], "((1, 1),)": [1.7391212370870326, 43.74295124780259, 13.566249771998624, 5.401749548544306, 1.8870133039016594], "((4, 3),)": [1.0668300802478332, 2.7545921492924164, 3.4317115439010126, 2.2091808650824336, 1.1461273606721754], "((3, 1),)": [1.861666029635735, 3.129602093463443, 5.306390660289609, 4.047376581555356, 1.7339388324972773], "((0, 3),)": [1.3093289911542598, 2.0831664466331326, 2.858216064070615, 2.3878993728802747, 1.440089074309289], "((4, 4),)": [0.7458462630164417, 1.6692286259844291, 2.2047836590167553, 1.6448392045691107, 0.8754446982377687], "((3, 4),)": [1.1728110901759627, 2.3425528699571925, 2.6382409162370597, 2.3588433039020904, 1.3549450198761306], "((3, 2),)": [2.243216903452373, 5.319386610863266, 5.039265453109283, 3.377075144032909, 1.778571100650804], "((1, 3),)": [2.113676357854753, 6.052306486394184, 6.131420304072044, 3.5832230073192903, 1.6706044180802742], "((3, 3),)": [1.7308350301748912, 3.657357138841991, 4.530142512339755, 2.6595546227316627, 1.8328617251631703], "((2, 0),)": [1.5824525964182985, 1.9035700149506964, 3.9689008407681343, 2.5939833948375672, 1.0988405562869497], "((2, 1),)": [2.183656849684069, 6.329530076010465, 6.057196610710818, 4.127280259303259, 1.6572894667078164], "((3, 0),)": [0.9839728566193912, 2.6542918469458745, 3.152660614417851, 1.7970032967441179, 1.213585064259293], "((1, 2),)": [1.771450635204045, 14.751054729290532, 9.11680337628959, 5.3306381561410126, 2.41196409169494], "((1, 4),)": [1.1681590844526208, 2.2259068409174265, 3.7565565802869267, 2.4772696917882797, 1.3989401780967223], "((4, 1),)": [0.9812681085350345, 3.283876220927284, 4.241508614507363, 2.3795343411923424, 1.438802727821995], "((4, 2),)": [1.889009128983213, 3.278963561807954, 4.509224236017071, 3.2216831562367294, 1.2335864191050336]}}