{"meta": {"n": 2, "c": 1.0, "b": 3.0, "phi": 1.0, "sigma": 0.0, "rho": 0.0, "kappa": Infinity, "K": 1, "price_grid": [1.0, 1.25, 1.5, 1.75, 2.0], "observed_shocks": true, "mu": 1.5, "seed": 42, "n_actions": 5, "fp": "42623b3288d6c452aefb6ce3"}, "Q": {"((2, 2),)": [2.1521860622140867, 8.132647307865875, 7.860864800221861, 4.2869798280111695, 2.8961422893255264], "((3, 2),)": [1.456888855706133, 6.254666307704373, 6.4957487546710455, 3.6253249508652834, 2.8080126190366967], "((4, 3),)": [0.8262594450393788, 2.5894888217530316, 2.692970752962933, 1.6409780116878312, 1.749154018667467], "((0, 4),)": [1.0023560993744411, 1.5243552816670267, 2.434560149889895, 1.335391208596489, 1.2026939261051397], "((3, 3),)": [1.4969332888359583, 3.677226846612435, 4.680993465707011, 2.611555368492832, 2.2352152315353973], "((0, 2),)": [1.2547513392007692, 3.708987502330241, 3.8361857492929667, 2.1048047838630795, 1.6133050720740014], "((1, 4),)": [1.1426760016089312, 3.529978093067181, 3.1440944884486157, 2.667493348007624, 1.6343074340179098], "((3, 4),)": [1.1523625585879629, 3.0187038212700554, 3.5320474454623856, 1.7598614172108353, 1.3090729629823357], "((2, 1),)": [2.0325558476514773, 8.1012768196676, 7.965185517424924, 4.183380532087504, 2.523446280000389], "((2, 0),)": [1.2137435580854063, 2.9887507158237696, 3.1235262622515254, 1.477282691938731, 1.193055857016886], "((3, 1),)": [1.6786086536659937, 6.402738071218124, 6.504410842176547, 3.4742918841115755, 2.697107804457497], "((4, 4),)": [0.9521692963937514, 2.1608554177025936, 1.9569549258255459, 1.142550270516776, 1.3248804845549962], "((3, 0),)": [1.2216304153327318, 2.0727387512986266, 2.971141894128343, 2.023487691745407, 1.5294316862035844], "((0, 3),)": [0.8552231635551387, 2.259625507105905, 2.109549401040729, 2.2035362530984517, 1.8497800052396338], "((1, 1),)": [1.8761768444125244, 43.74073459322616, 11.492416711440184, 4.08039724276228, 2.474817461230488], "((1, 3),)": [1.537536926642382, 5.077168719662996, 4.741664434529008, 3.1640524511281605, 2.319652479809801], "((2, 4),)": [1.155992196339986, 3.5566409282294154, 4.181694123947288, 2.666135725818795, 1.704552469509694], "((0, 0),)": [0.6126662821681714, 1.6403640151939272, 1.799257831537626, 1.0768598177953392, 0.769037033911893], "((2, 3),)": [1.4374704996706353, 4.514676980239876, 5.21612652007062, 3.1233448395989423, 2.0014799199635687], "((1, 2),)": [1.8788568965921617, 12.406517387765811, 9.523983674106061, 3.8053383404686194, 2.5040214886991974], "((4, 1),)": [1.3741615562955973, 3.8399526332588048, 3.478725312226427, 3.0222478359832072, 1.6881699604391565], "((0, 1),)": [1.2083082006659822, 3.4160642088405933, 3.426242834701392, 1.4913544770009113, 1.8077035807853494], "((4, 0),)": [0.6777505539070441, 2.106775301881098, 1.4815907901501515, 1.4264646893694841, 1.1402165546944436], "((1, 0),)": [1.169509223603839, 2.8464767307588783, 3.3108336547597057, 1.4305063188669536, 1.2533319052030425], "((4, 2),)": [1.3547657229507553, 2.771708733155018, 4.608541358113026, 3.069266332718661, 1.9707658918373545]}}