{"meta": {"n": 2, "c": 1.0, "b": 3.0, "phi": 1.0, "sigma": 0.0, "rho": 0.0, "kappa": Infinity, "K": 1, "price_grid": [1.0, 1.25, 1.5, 1.75, 2.0], "observed_shocks": true, "mu": 1.5, "seed": 42, "n_actions": 5, "fp": "42623b3288d6c452aefb6ce3"}, "Q": {"((2, 2),)": [2.0435844525928104, 9.213804153823297, 7.710074666554091, 4.371831086735622, 3.356671574937762], "((4, 4),)": [0.9578548644610381, 1.522884546495022, 1.5421763781725422, 2.1014048059539476, 1.026847151802933], "((3, 3),)": [1.226105444232506, 2.6426253494422487, 3.7157935981192995, 2.8789553640153454, 1.6238692929954834], "((0, 1),)": [1.1519462535974394, 1.9190598221421533, 3.288266978507458, 2.042073436216749, 0.916926867021686], "((2, 4),)": [0.8215237549288765, 3.252743378018676, 4.529929832236722, 3.1541989718234427, 1.8484138545222177], "((1, 1),)": [2.117790526580257, 43.74414260050392, 8.939693116252016, 4.217667899315337, 2.6909636394222645], "((0, 0),)": [0.5704793152993383, 0.8421933570722987, 1.373902034947897, 1.3871288100913, 0.6866026288076046], "((1, 0),)": [0.5875769646632325, 2.6637584963715324, 3.241019724983653, 1.8818219212124252, 1.6067016309100026], "((3, 4),)": [1.065207630896717, 2.664303649667865, 3.194236279740542, 1.816691506836522, 1.237784269790327], "((1, 4),)": [1.016361370889766, 4.129733469269044, 3.85452069030561, 2.311004687020348, 1.2177794332407763], "((4, 2),)": [0.6484619974661434, 2.685402319176297, 3.206620733577593, 2.8442701378055713, 1.934710482335862], "((0, 3),)": [0.9290852084390884, 2.0696959851190413, 1.8656471283807428, 1.6644714822881772, 1.3947869563403053], "((1, 2),)": [1.632323398250512, 9.859367661026452, 6.006349882213925, 4.260711668923825, 3.0666677866110787], "((2, 0),)": [1.0651054109040032, 2.2684160471207564, 3.3796486931258336, 2.0330979272086993, 1.494133847338947], "((2, 3),)": [1.4596367423538423, 5.471262186169186, 4.6652148184066, 3.2010888860530984, 2.6491301629495103], "((3, 2),)": [1.5065016749321543, 4.616230969569491, 3.875917194795472, 3.0528908486654207, 2.378511359968455], "((4, 1),)": [1.1228868809684633, 2.70493906973105, 3.3663409434592593, 1.9666388952708158, 1.5393091583057492], "((4, 3),)": [1.3427580433829807, 2.031773397486927, 3.029160811570708, 1.7228190386036368, 0.9462413594832293], "((4, 0),)": [0.7063262020177781, 1.266318809526289, 1.6436956542702308, 1.7290552414139226, 1.310918588001574], "((1, 3),)": [1.2501748637213719, 4.922645329313477, 4.9229556906936995, 3.1496255908683954, 2.200539790263287], "((2, 1),)": [1.5314718206413376, 16.369518600139028, 8.380096612135382, 4.265243538072431, 3.2360611991582386], "((0, 4),)": [0.5613576918729444, 2.146191639446015, 2.200826852099997, 1.4539889404267246, 1.0500424543266926], "((3, 0),)": [0.8814365654172115, 1.696823225850736, 2.474247500529756, 1.666046721820508, 1.6077679713927728], "((0, 2),)": [0.7848352085900115, 1.874246473070268, 3.290591553168742, 2.6354975570316777, 1.6610476143972337], "((3, 1),)": [1.5674650486419124, 5.312747001831746, 4.105674673395806, 2.51040228681292, 1.6343402280407766]}}