{"meta": {"n": 2, "c": 1.0, "b": 3.0, "phi": 1.0, "sigma": 0.0, "rho": 0.0, "kappa": Infinity, "K": 1, "price_grid": [1.0, 1.25, 1.5, 1.75, 2.0], "observed_shocks": true, "mu": 1.5, "seed": 42, "n_actions": 5, "fp": "42623b3288d6c452aefb6ce3"}, "Q": {"((2, 2),)": [2.7719843551272088, 8.471541126566366, 6.013488353760427, 3.778779818188272, 2.888189290315568], "((4, 2),)": [1.3397789598162493, 1.6621976421322875, 2.291954358307817, 1.6705482186034981, 1.0089509132860397], "((3, 0),)": [0.9600505815047814, 1.5023948071594133, 2.227702037115826, 1.8148884438229433, 1.309040287278732], "((4, 4),)": [0.9039689477532317, 1.5988288340863794, 1.5697521113419435, 1.391072603446071, 0.9154824768626726], "((0, 3),)": [0.8861201380345511, 1.3956433717559404, 1.771786650141785, 1.7464083653740468, 1.091382010876033], "((1, 0),)": [1.038184973501543, 1.8198969237611555, 2.5568555904283428, 2.279786569250372, 1.5198654886896046], "((4, 0),)": [0.6837584769810036, 1.2905586549517132, 1.5723374834028734, 1.344590014392496, 0.9942024152388055], "((0, 4),)": [0.7249140344346128, 1.4130097186785089, 1.223424429929611, 1.13708856483297, 1.0641292082539466], "((1, 4),)": [1.1454114099606014, 2.647672279547286, 2.4618469961045992, 2.0899143045325443, 1.3382652841842086], "((2, 0),)": [1.3131928840288278, 2.912904445061434, 4.139678508227756, 2.4642892489018187, 1.8363767847926666], "((3, 3),)": [1.1721177179862334, 2.5040381852082847, 2.8756350083762428, 2.0635423965540496, 1.5167027140904987], "((3, 1),)": [1.107432153447308, 3.839059999575794, 3.240281532719951, 2.439035299685927, 1.3400184157046708], "((3, 2),)": [1.8710125050546036, 2.9522429919467235, 2.551228996075978, 2.4530591820363528, 1.7093530172068965], "((0, 2),)": [0.9814179770334298, 1.4310800128473098, 1.5145092723931624, 2.016960751570224, 1.0580266010830914], "((4, 3),)": [1.1269269351968179, 1.625929679431185, 1.7533286179550758, 1.7503969504961256, 1.000052325386993], "((0, 1),)": [0.8393904768974461, 1.861628681029853, 1.800525982545305, 1.537812288244776, 1.0669765827974798], "((1, 3),)": [1.3554752368583671, 3.06495247038169, 4.469970647508125, 2.5007775476086707, 1.8687818837068613], "((4, 1),)": [0.7738799565880561, 1.743339646053973, 1.4832714973091616, 1.7090201613427238, 0.9823691267711466], "((1, 2),)": [1.9412365742407527, 6.967226841650788, 5.943409417771465, 2.907071024407705, 2.0201599435310538], "((2, 4),)": [1.639227622139663, 3.3345389940563903, 4.120080491376722, 2.4659012859838705, 1.43477927218854], "((3, 4),)": [1.12371905851988, 1.6984456213466772, 2.6706597139432824, 1.8733087179616437, 1.1465822932051328], "((2, 1),)": [2.887429050354149, 66.63376305358499, 6.633519519328747, 3.435005143050177, 2.5883039209543393], "((0, 0),)": [0.7188462594446553, 1.5699661537781553, 1.4073291803854968, 0.9177109483807908, 0.563226202967744], "((1, 1),)": [1.7320017568886772, 66.69703679972262, 7.314281475572996, 2.981331899467833, 1.7271531230184691], "((2, 3),)": [1.9099140654834006, 4.7149892460789955, 4.386558290742037, 3.3711493222020508, 2.318759398635952]}}