{"meta": {"n": 2, "c": 1.0, "b": 3.0, "phi": 1.0, "sigma": 0.0, "rho": 0.0, "kappa": Infinity, "K": 1, "price_grid": [1.0, 1.25, 1.5, 1.75, 2.0], "observed_shocks": true, "mu": 1.5, "seed": 42, "n_actions": 5, "fp": "42623b3288d6c452aefb6ce3"}, "Q": {"((2, 2),)": [1.885949668100882, 7.408606262198189, 7.33956047072867, 3.8756063790723143, 2.4498430988206144], "((4, 4),)": [0.4601172276624994, 1.5405379058605253, 2.225366419199671, 1.8536607201794935, 0.4852745637767205], "((3, 3),)": [1.236937115928734, 3.0744845439015496, 3.718515432028169, 2.940737775717426, 1.7504387009534972], "((0, 1),)": [1.253877385426248, 2.6179831045744204, 3.1882395387181837, 1.628676450941846, 1.200663524063701], "((2, 4),)": [1.4014627969904878, 2.5828076582680937, 4.963699426389122, 2.807821816982361, 1.8472807037480767], "((1, 1),)": [1.330775006613719, 43.7434983950933, 12.091819421845296, 3.403104380401498, 2.3643394811477454], "((0, 0),)": [0.5188152393471273, 1.5235174217732284, 0.9635527737949451, 0.8329995177903673, 0.9988534148639592], "((1, 0),)": [0.9190249717900633, 1.8857622555812739, 3.8955693850508375, 1.431723260351189, 1.0351289500667236], "((3, 4),)": [1.2687170713644196, 2.618491089097416, 3.2161903661593536, 1.391917059040944, 1.2674444512065925], "((1, 4),)": [1.295665273729387, 3.3648557563769828, 4.593524591528629, 1.9600938119495313, 1.2479177304793536], "((4, 2),)": [0.9932304116237678, 2.797606981291263, 3.9093742703040855, 2.073998179652315, 1.335854933590166], "((0, 3),)": [0.9833305764992488, 1.999097946370656, 1.7809244533348183, 1.600137630824408, 1.2982546643319999], "((1, 2),)": [1.725923629964265, 7.801148460261587, 7.49623139848954, 3.5674293313832073, 2.2574697087629305], "((2, 0),)": [1.0491306075726667, 2.1403815766609533, 3.644706448821181, 1.8798051337953026, 1.306037810100724], "((2, 3),)": [1.7455004656144337, 5.108922586858675, 5.447274521385343, 2.9127312658498825, 2.0572200648984196], "((3, 2),)": [1.4087261422904316, 4.760492380617453, 4.367600729434756, 2.4905301361297583, 1.8213442980699646], "((4, 1),)": [1.2778346020478235, 1.2748070534998492, 3.6478155576578843, 2.2372896307162944, 1.2598356569823925], "((4, 3),)": [0.9339953369039264, 2.513422721528075, 2.8844959505289167, 1.539849894078262, 1.0155780100013954], "((4, 0),)": [0.5839810572520439, 1.6639248267941098, 1.7341849831585747, 1.9087980209453292, 0.5157482476644217], "((1, 3),)": [1.4152301746414933, 5.408362318494359, 5.011973938329312, 2.949734991204669, 1.8544724058486164], "((2, 1),)": [2.2472185852391777, 13.051990153277764, 9.760233420540876, 3.8163421034525102, 2.39424135661051], "((0, 4),)": [0.6587257384887177, 1.808170512007995, 2.1947251528988536, 1.4897485580599852, 1.2235207801798014], "((3, 0),)": [1.0814652136444194, 2.1710519822604377, 1.9340065713722143, 2.224264615869228, 0.9024822104670721], "((0, 2),)": [0.9713127856443443, 2.221734617865803, 3.332700175542836, 2.448168784921825, 1.4532625501480074], "((3, 1),)": [1.5372031888405107, 4.357688373984634, 4.986489787077571, 2.681649834328354, 1.745205777859931]}}