{"meta": {"n": 2, "c": 1.0, "b": 3.0, "phi": 1.0, "sigma": 0.0, "rho": 0.0, "kappa": 100, "K": 1, "price_grid": [1.0, 1.25, 1.5, 1.75, 2.0], "observed_shocks": true, "mu": 1.5, "seed": 42, "n_actions": 5, "fp": "00a9ce0d9f1aff57676b16ae"}, "Q": {"((2, 2),)": [2.771984355126421, 8.471541126527542, 6.013488353744787, 3.7787798181912615, 2.8881892903160447], "((4, 2),)": [1.3397789598163201, 1.6621976421312907, 2.291954358308339, 1.670548218605711, 1.0089509132868888], "((3, 0),)": [0.9600505815047439, 1.5023948071591484, 2.227702037116314, 1.8148884438259734, 1.3090402872814064], "((4, 4),)": [0.9039689477531856, 1.5988288340862502, 1.5697521113430157, 1.3910726034472782, 0.9154824768639661], "((0, 3),)": [0.8861201380347197, 1.395643371755871, 1.7717866501407653, 1.7464083653736666, 1.0913820108786312], "((1, 0),)": [1.0381849735017743, 1.8198969237606923, 2.556855590427463, 2.279786569251148, 1.5198654886917606], "((4, 0),)": [0.6837584769809135, 1.2905586549506214, 1.5723374834029016, 1.3445900143934322, 0.9942024152411575], "((0, 4),)": [0.7249140344345669, 1.413009718678461, 1.2234244299298633, 1.137088564831917, 1.064129208257172], "((1, 4),)": [1.145411409960548, 2.647672279543795, 2.4618469961045006, 2.0899143045368374, 1.33826528418512], "((2, 0),)": [1.3131928840289924, 2.912904445057939, 4.139678508223069, 2.4642892489089134, 1.8363767847957448], "((3, 3),)": [1.1721177179863853, 2.5040381852063276, 2.875635008377337, 2.063542396558967, 1.5167027140927702], "((3, 1),)": [1.1074321534475413, 3.839059999568409, 3.2402815327174506, 2.4390352996919145, 1.3400184157062898], "((3, 2),)": [1.8710125050543436, 2.952242991943919, 2.551228996079754, 2.453059182039215, 1.7093530172088562], "((0, 2),)": [0.9814179770334478, 1.4310800128474397, 1.51450927239417, 2.0169607515713075, 1.0580266010841137], "((4, 3),)": [1.1269269351967885, 1.6259296794307438, 1.753328617953757, 1.7503969504961356, 1.0000523253897144], "((0, 1),)": [0.8393904768975932, 1.861628681028983, 1.8005259825446913, 1.5378122882475775, 1.0669765827988758], "((1, 3),)": [1.3554752368581724, 3.0649524703785227, 4.469970647501079, 2.5007775476141747, 1.8687818837078554], "((4, 1),)": [0.7738799565880974, 1.7433396460531243, 1.4832714973102088, 1.7090201613438052, 0.9823691267738508], "((1, 2),)": [1.9412365742403692, 6.9672268416227645, 5.943409417754562, 2.9070710244132036, 2.020159943535418], "((2, 4),)": [1.6392276221396038, 3.334538994052659, 4.120080491372554, 2.4659012859888447, 1.4347792721920127], "((3, 4),)": [1.1237190585198635, 1.6984456213452541, 2.6706597139439263, 1.8733087179641812, 1.1465822932061658], "((2, 1),)": [2.887429050353093, 66.63376305310405, 6.633519519309133, 3.4350051430552013, 2.5883039209544103], "((0, 0),)": [0.7188462594445822, 1.569966153777019, 1.4073291803850367, 0.9177109483813986, 0.5632262029682834], "((1, 1),)": [1.7320017568886832, 66.69703679924038, 7.314281475545767, 2.981331899474359, 1.7271531230196808], "((2, 3),)": [1.9099140654833575, 4.714989246067694, 4.386558290736613, 3.3711493222088946, 2.31875939863879]}}