{"meta": {"n": 2, "c": 1.0, "b": 3.0, "phi": 1.0, "sigma": 0.0, "rho": 0.0, "kappa": 100, "K": 1, "price_grid": [1.0, 1.25, 1.5, 1.75, 2.0], "observed_shocks": true, "mu": 1.5, "seed": 42, "n_actions": 5, "fp": "00a9ce0d9f1aff57676b16ae"}, "Q": {"((2, 2),)": [1.6429692819449773, 7.623715191326316, 7.531155127586663, 4.413360277898598, 2.0061016523191895], "((4, 2),)": [0.8444721643249513, 2.2508392712384917, 3.6009410484997377, 1.7126805379063028, 0.8994163227541756], "((3, 0),)": [0.95352115360897, 2.5466533643758464, 3.261610558986803, 2.2816315092829194, 0.9013135931162536], "((4, 4),)": [0.8432400074524659, 1.6231492253744562, 2.379829026429194, 1.5904330202298218, 1.1603631449980172], "((0, 3),)": [0.7501943046067879, 1.431056361493351, 2.602413242580948, 1.888617971307077, 1.2208457638019687], "((1, 0),)": [1.1906926797001158, 3.141334066690156, 3.6285899035343236, 2.613963234693586, 1.6808385385772278], "((4, 0),)": [0.466260636765341, 1.4482889543432549, 2.284980109015199, 1.7662508408114648, 0.5869673908425012], "((0, 4),)": [0.7573162008824417, 1.9183895748140027, 1.023705951624958, 1.631655940464678, 1.151173222170549], "((1, 4),)": [0.7653053789537085, 1.6664577691684086, 4.685911903465315, 2.1333886659696657, 1.2149251354422157], "((2, 0),)": [1.2147316781186985, 2.5408077188906693, 6.007057777876519, 2.814335680256456, 1.2034268727724657], "((3, 3),)": [1.1163465315259737, 2.971741552886216, 4.4669663844511485, 2.4515698654288665, 1.3962437314391989], "((3, 1),)": [1.1874132359531449, 2.6627627365881095, 5.643067824344312, 2.840965875072024, 1.419958231588482], "((3, 2),)": [1.1636948040708437, 4.246303319524841, 4.539813846855238, 2.68027618499014, 1.6965408878849857], "((0, 2),)": [1.0449238669687901, 2.5514398383358476, 1.7997826160967758, 2.275802435995854, 1.2592982692008894], "((4, 3),)": [1.3004651657590007, 1.6682214849282326, 2.405156768407304, 2.0177997237776846, 1.348359555908826], "((0, 1),)": [0.9943393604021709, 1.7024529955871188, 3.16335779639691, 1.5981273972766026, 0.8476355714145604], "((1, 3),)": [1.3143848094594337, 3.7149380917653056, 6.231797953507559, 2.329064863507283, 1.450246814422484], "((4, 1),)": [0.9911263874999663, 2.6443638590164618, 1.9265228977116033, 1.9823970769713313, 1.0287043779006788], "((1, 2),)": [1.2981549952630016, 4.038498199398984, 7.4218467573722755, 3.493101945591332, 1.4027373777482501], "((2, 4),)": [1.17912664381103, 3.7641385273104637, 6.031509316682935, 2.8524675669628636, 1.3667773203658027], "((3, 4),)": [0.5903336314989044, 2.2258349472778303, 4.1283916473608455, 1.755230020281279, 0.9738153208500279], "((2, 1),)": [1.7378337657691005, 21.468756411625975, 21.357677963988575, 3.6031488978468023, 1.66799315694591], "((0, 0),)": [0.40657184678939784, 1.1518063359280286, 2.0254562451429723, 1.3437853981857437, 0.6965373336199155], "((1, 1),)": [1.3462451425656796, 4.91871301532807, 21.35916639643215, 3.1482332413177727, 1.4263965792228572], "((2, 3),)": [1.139027793099275, 4.993497920740831, 6.600992415199541, 3.717321401567784, 1.9287665553974962]}}