{"meta": {"n": 2, "c": 1.0, "b": 3.0, "phi": 1.0, "sigma": 0.0, "rho": 0.0, "kappa": 100, "K": 1, "price_grid": [1.0, 1.25, 1.5, 1.75, 2.0], "observed_shocks": true, "mu": 1.5, "seed": 42, "n_actions": 5, "fp": "00a9ce0d9f1aff57676b16ae"}, "Q": {"((2, 2),)": [2.2962016134780643, 6.840897885197611, 5.4480933283412645, 3.972597810747607, 2.3243850890626594], "((2, 4),)": [1.0326546052341659, 2.3124634167521245, 1.9930149160257753, 2.0100820481316766, 1.349469785488063], "((0, 1),)": [0.9052685712709008, 3.6713188426407264, 2.2015064637713264, 2.0370156416756817, 1.161060929125864], "((0, 0),)": [0.7919930718108756, 1.4023187819701846, 1.2006924420311187, 1.1284208658998534, 0.9414986338501821], "((0, 4),)": [0.7281034614876576, 0.7543145631563646, 1.7669663688866035, 1.6241462580771877, 0.7074383549470129], "((2, 3),)": [1.6477210972311331, 5.569020174275058, 4.145370626160545, 3.0466429272518174, 2.0648738322400106], "((0, 2),)": [1.450152109387721, 2.9128565255844485, 2.9150182920466468, 2.590021900582261, 1.680007566304155], "((4, 0),)": [0.869923431567033, 1.4140385680556244, 1.7558579269797923, 1.3433188139863104, 1.0384079516879765], "((1, 0),)": [0.7871667593767735, 2.1571034360680152, 2.6521169158041467, 2.3246618724326775, 1.493137787109335], "((1, 1),)": [2.096964281767238, 43.743507186228456, 6.431388860444792, 3.704764459123007, 2.3849809484486997], "((4, 3),)": [0.9083731384560052, 2.802433244184642, 2.327076042097075, 1.9314619940905344, 1.501167926925902], "((3, 1),)": [1.3660229666147394, 4.280606882398481, 4.729054463082063, 2.794958065036976, 1.9229401721214072], "((0, 3),)": [1.0954781094153636, 2.3579941716524813, 2.2956404545033378, 1.432978315212941, 1.238850004776932], "((4, 4),)": [0.7440154517816036, 1.419240401361265, 1.7924939993590796, 1.3720992053636831, 0.9292440478931941], "((3, 4),)": [0.8784507190797975, 1.9392803592910581, 1.8488408284472668, 2.1132599955679643, 1.4301136944595194], "((3, 2),)": [2.205332750848102, 5.2582736590364885, 4.052564195503048, 3.228791063636472, 2.430803312634062], "((1, 3),)": [1.4910550074857705, 7.486334455898565, 4.4913313057233815, 2.873521747825731, 2.2317780056666097], "((3, 3),)": [1.510238010811688, 3.8666520332535, 2.716303415640174, 2.6048251110927882, 2.099150089121291], "((2, 0),)": [0.9171208959169428, 2.9585916305799245, 2.417647133073753, 2.4456120498725347, 1.1697598346407307], "((2, 1),)": [1.8751377768529733, 7.489887454199743, 4.91168967671462, 3.895505593144133, 2.2446488956848976], "((3, 0),)": [1.0616936501677563, 2.0101959381952135, 2.2068046106887436, 1.9183760215462038, 1.3785088590341963], "((1, 2),)": [2.149567887595759, 17.473160465745035, 6.241146141043544, 4.108440862678946, 2.3760574754647656], "((1, 4),)": [1.0612978177801935, 2.2696124613005173, 2.7880628155869323, 1.801984936693776, 1.7821285729988454], "((4, 1),)": [1.2859870429050166, 3.1261048029289524, 3.161959710069104, 2.063541017166886, 1.7161840348718302], "((4, 2),)": [1.5281394043578014, 3.8473644184971647, 3.115859466860074, 2.801496782928864, 1.4432620458563405]}}