{"meta": {"n": 2, "c": 1.0, "b": 3.0, "phi": 1.0, "sigma": 0.0, "rho": 0.0, "kappa": 100, "K": 1, "price_grid": [1.0, 1.25, 1.5, 1.75, 2.0], "observed_shocks": true, "mu": 1.5, "seed": 42, "n_actions": 5, "fp": "00a9ce0d9f1aff57676b16ae"}, "Q": {"((2, 2),)": [2.0435844525935747, 9.2138041537936, 7.710074666537899, 4.3718310867404355, 3.356671574940666], "((4, 4),)": [0.9578548644610808, 1.522884546494434, 1.5421763781735172, 2.1014048059568564, 1.0268471518059306], "((3, 3),)": [1.226105444232989, 2.6426253494438865, 3.7157935981199848, 2.8789553640193266, 1.6238692929991205], "((0, 1),)": [1.1519462535979208, 1.9190598221417732, 3.2882669785095544, 2.0420734362196864, 0.9169268670239108], "((2, 4),)": [0.8215237549290645, 3.2527433780170734, 4.52992983223509, 3.154198971828854, 1.8484138545252904], "((1, 1),)": [2.117790526581214, 43.74414260050392, 8.939693116229577, 4.2176678993191885, 2.6909636394239276], "((0, 0),)": [0.5704793152995357, 0.8421933570732718, 1.373902034950213, 1.3871288100908024, 0.6866026288092514], "((1, 0),)": [0.5875769646633767, 2.663758496370563, 3.241019724982841, 1.8818219212165612, 1.606701630911361], "((3, 4),)": [1.0652076308971585, 2.6643036496685033, 3.1942362797425137, 1.8166915068378338, 1.2377842697920165], "((1, 4),)": [1.0163613708900534, 4.129733469265388, 3.8545206903071643, 2.311004687024521, 1.2177794332438059], "((4, 2),)": [0.648461997466264, 2.6854023191769305, 3.2066207335794457, 2.8442701378105304, 1.9347104823385197], "((0, 3),)": [0.9290852084392773, 2.069695985119133, 1.8656471283813003, 1.6644714822889677, 1.3947869563433053], "((1, 2),)": [1.6323233982511924, 9.85936766099353, 6.006349882206167, 4.260711668928236, 3.066667786613482], "((2, 0),)": [1.0651054109042701, 2.268416047120663, 3.3796486931268066, 2.033097927210967, 1.49413384734099], "((2, 3),)": [1.4596367423546106, 5.471262186160228, 4.665214818406634, 3.2010888860581, 2.6491301629513893], "((3, 2),)": [1.5065016749327564, 4.616230969564511, 3.8759171947985127, 3.0528908486695037, 2.37851135997065], "((4, 1),)": [1.1228868809690817, 2.7049390697312186, 3.366340943460313, 1.9666388952740814, 1.539309158309083], "((4, 3),)": [1.3427580433832562, 2.0317733974874828, 3.029160811573749, 1.7228190386078432, 0.9462413594841882], "((4, 0),)": [0.7063262020180198, 1.266318809526434, 1.6436956542710595, 1.7290552414160107, 1.3109185880052787], "((1, 3),)": [1.2501748637216954, 4.92264532930738, 4.922955690693501, 3.1496255908738804, 2.2005397902673094], "((2, 1),)": [1.5314718206419589, 16.369518600080706, 8.380096612115565, 4.265243538076795, 3.23606119916035], "((0, 4),)": [0.5613576918730767, 2.146191639446352, 2.2008268521013328, 1.4539889404277766, 1.0500424543297255], "((3, 0),)": [0.881436565417416, 1.6968232258510763, 2.474247500531115, 1.6660467218210655, 1.607767971396577], "((0, 2),)": [0.784835208590176, 1.8742464730701975, 3.290591553170226, 2.6354975570346237, 1.6610476143992419], "((3, 1),)": [1.5674650486429034, 5.312747001823313, 4.1056746733963765, 2.5104022868171945, 1.6343402280439772]}}