{"meta": {"n": 2, "c": 1.0, "b": 3.0, "phi": 1.0, "sigma": 0.0, "rho": 0.0, "kappa": 100, "K": 1, "price_grid": [1.0, 1.25, 1.5, 1.75, 2.0], "observed_shocks": true, "mu": 1.5, "seed": 42, "n_actions": 5, "fp": "00a9ce0d9f1aff57676b16ae"}, "Q": {"((2, 2),)": [2.0447311288202057, 8.48226589933892, 6.7755117033867664, 4.770266257341164, 2.879897975684928], "((3, 2),)": [2.049090631132828, 5.514318199955909, 5.375549126004681, 4.252523806909327, 2.370042501192872], "((4, 3),)": [1.1459690305800094, 2.2263516894684265, 1.924726073535516, 2.3512939595698215, 1.4268762926782028], "((0, 4),)": [0.810804813213218, 1.6115969466612738, 1.962804068612534, 1.6553361475238892, 0.9683481314412969], "((3, 3),)": [1.3121152529367972, 3.254720279479203, 3.9068126135231966, 2.957270385750389, 1.8573412028573306], "((0, 2),)": [1.2859654972448538, 3.366346255548368, 2.78337413008617, 2.764233659642812, 1.176223187909986], "((1, 4),)": [1.3857450949832244, 3.0909688035199276, 2.9442593094714193, 2.452401182299327, 1.806734572319035], "((3, 4),)": [1.2599958553071557, 2.3403557193481412, 3.098177290573947, 2.2200732794850255, 1.2875585272824321], "((2, 1),)": [2.0928196696455403, 8.538892847831791, 6.6885163669978995, 4.831640818238943, 2.223400750231932], "((2, 0),)": [1.0908134944666603, 2.204120266896591, 2.7069215194891916, 1.9276838299830061, 1.4054514856758504], "((3, 1),)": [1.8235597073387613, 5.829930449127673, 5.392265596336348, 4.097371167028302, 2.1134106073427255], "((4, 4),)": [0.8508192056921802, 1.7837599700768676, 1.7027758834204008, 1.8665057395899134, 0.7566863123740327], "((3, 0),)": [0.95606614584015, 1.6438093754290464, 2.3722255201147293, 2.4027768088422983, 1.1942530157996487], "((0, 3),)": [1.0039246639053616, 1.921854601559596, 2.5370324157854287, 2.1965633785826215, 0.9653382163022749], "((1, 1),)": [1.7545863449649939, 43.741190575238384, 7.947783895996568, 4.700216400070139, 2.3184066794502214], "((1, 3),)": [1.698200594028026, 3.7070463445482393, 4.200290520675176, 3.4351108332494174, 1.4958374469498499], "((2, 4),)": [1.2417532999262788, 2.3303929294800554, 3.737113436857317, 2.873600548700039, 1.4541368143274722], "((0, 0),)": [0.6343034780249036, 1.4346612370832577, 1.4591502187774699, 1.3336916862756771, 0.6941149118696618], "((2, 3),)": [1.5836126357222136, 4.085767624568773, 3.9404846537647473, 3.580538732596387, 2.008409956575698], "((1, 2),)": [1.9916147788393987, 14.238978201354975, 7.395229774096416, 4.637097448296494, 2.3712276711213884], "((4, 1),)": [1.4260723716613672, 3.7075599539338318, 2.8909428020221313, 2.495686146594578, 1.5320916669585398], "((0, 1),)": [1.0249312184513406, 2.549481300291698, 2.9937975843253004, 2.4202999954625053, 1.25933345065598], "((4, 0),)": [0.6569062110330207, 1.490744090216167, 1.8215245004138363, 1.679938435535305, 0.745088648755023], "((1, 0),)": [0.9524716019104212, 2.0599928220165156, 1.7689942745476288, 2.6847288890161427, 1.5227272090187545], "((4, 2),)": [1.057038843142324, 3.1754403801260462, 3.595430998397782, 3.0870721156825884, 1.437044033678471]}}