{"meta": {"n": 2, "c": 1.0, "b": 3.0, "phi": 1.0, "sigma": 0.0, "rho": 0.0, "kappa": 100, "K": 1, "price_grid": [1.0, 1.25, 1.5, 1.75, 2.0], "observed_shocks": true, "mu": 1.5, "seed": 42, "n_actions": 5, "fp": "00a9ce0d9f1aff57676b16ae"}, "Q": {"((2, 2),)": [1.885949668101929, 7.4086062622170274, 7.339560470753711, 3.87560637908481, 2.449843098825965], "((4, 4),)": [0.4601172276625595, 1.5405379058619715, 2.225366419201093, 1.8536607201795634, 0.4852745637798681], "((3, 3),)": [1.236937115928965, 3.074484543904904, 3.7185154320341436, 2.9407377757259274, 1.7504387009583877], "((0, 1),)": [1.253877385426112, 2.617983104576616, 3.1882395387241207, 1.6286764509465874, 1.2006635240670298], "((2, 4),)": [1.4014627969905227, 2.582807658270055, 4.963699426402809, 2.80782181698829, 1.8472807037522583], "((1, 1),)": [1.3307750066140713, 43.7434983950933, 12.091819421866935, 3.4031043804130663, 2.3643394811529297], "((0, 0),)": [0.5188152393472992, 1.5235174217730312, 0.9635527737935798, 0.8329995177918408, 0.998853414867103], "((1, 0),)": [0.9190249717900065, 1.8857622555831066, 3.8955693850602064, 1.431723260352343, 1.0351289500681762], "((3, 4),)": [1.2687170713645912, 2.618491089100154, 3.216190366167062, 1.3919170590447434, 1.2674444512091805], "((1, 4),)": [1.2956652737297203, 3.3648557563818287, 4.593524591544765, 1.9600938119531084, 1.2479177304801559], "((4, 2),)": [0.9932304116237, 2.7976069812937188, 3.909374270312364, 2.073998179654132, 1.3358549335949532], "((0, 3),)": [0.9833305764992126, 1.9990979463726526, 1.7809244533379383, 1.6001376308247264, 1.2982546643339146], "((1, 2),)": [1.7259236299643619, 7.801148460279671, 7.496231398515422, 3.5674293313948464, 2.2574697087676467], "((2, 0),)": [1.0491306075727516, 2.140381576661796, 3.6447064488293677, 1.87980513379987, 1.3060378101036039], "((2, 3),)": [1.7455004656151178, 5.108922586872518, 5.447274521404616, 2.9127312658572624, 2.057220064901474], "((3, 2),)": [1.4087261422904782, 4.7604923806296595, 4.367600729448047, 2.490530136134693, 1.8213442980719297], "((4, 1),)": [1.2778346020481461, 1.2748070535001206, 3.647815557667451, 2.237289630719393, 1.259835656984858], "((4, 3),)": [0.9339953369040508, 2.5134227215306564, 2.8844959505329872, 1.5398498940833085, 1.0155780100029566], "((4, 0),)": [0.5839810572519573, 1.6639248267949827, 1.7341849831588005, 1.9087980209458049, 0.5157482476657484], "((1, 3),)": [1.4152301746416172, 5.408362318508542, 5.0119739383456485, 2.949734991213501, 1.8544724058525133], "((2, 1),)": [2.247218585240989, 13.051990153291323, 9.7602334205636, 3.8163421034658933, 2.394241356614294], "((0, 4),)": [0.6587257384885076, 1.8081705120093774, 2.1947251529027683, 1.4897485580610843, 1.2235207801823775], "((3, 0),)": [1.0814652136444851, 2.1710519822614787, 1.9340065713750654, 2.224264615873099, 0.9024822104697494], "((0, 2),)": [0.971312785644113, 2.221734617866323, 3.3327001755468713, 2.4481687849272395, 1.4532625501531877], "((3, 1),)": [1.537203188840702, 4.357688373995722, 4.986489787097232, 2.681649834335067, 1.7452057778623475]}}