{"meta": {"n": 2, "c": 1.0, "b": 3.0, "phi": 1.0, "sigma": 0.0, "rho": 0.0, "kappa": 100, "K": 1, "price_grid": [1.0, 1.25, 1.5, 1.75, 2.0], "observed_shocks": true, "mu": 1.5, "seed": 42, "n_actions": 5, "fp": "00a9ce0d9f1aff57676b16ae"}, "Q": {"((2, 2),)": [2.15218606221375, 8.132647307875986, 7.860864800239276, 4.286979828016782, 2.896142289327492], "((3, 2),)": [1.4568888557059214, 6.254666307714533, 6.495748754684928, 3.6253249508692615, 2.8080126190392467], "((4, 3),)": [0.8262594450392854, 2.589488821754195, 2.6929707529639684, 1.640978011688153, 1.749154018670438], "((0, 4),)": [1.0023560993743983, 1.5243552816670867, 2.434560149890708, 1.3353912085971609, 1.2026939261076846], "((3, 3),)": [1.4969332888358124, 3.677226846612757, 4.680993465712449, 2.6115553684951447, 2.235215231539143], "((0, 2),)": [1.2547513392004381, 3.7089875023323593, 3.8361857492968414, 2.104804783865798, 1.6133050720768987], "((1, 4),)": [1.142676001608796, 3.5299780930686286, 3.1440944884502278, 2.6674933480107472, 1.6343074340210868], "((3, 4),)": [1.1523625585878647, 3.0187038212707167, 3.5320474454636237, 1.759861417213884, 1.309072962983961], "((2, 1),)": [2.0325558476510035, 8.10127681967772, 7.965185517442286, 4.183380532093264, 2.523446280001514], "((2, 0),)": [1.2137435580851468, 2.988750715824186, 3.123526262252139, 1.4772826919405615, 1.193055857018577], "((3, 1),)": [1.6786086536655866, 6.402738071228462, 6.504410842190952, 3.4742918841162456, 2.6971078044598293], "((4, 4),)": [0.9521692963936883, 2.1608554177026185, 1.9569549258270225, 1.1425502705175898, 1.3248804845586823], "((3, 0),)": [1.2216304153327153, 2.0727387512982944, 2.971141894127567, 2.0234876917473454, 1.5294316862061104], "((0, 3),)": [0.8552231635551415, 2.2596255071059224, 2.1095494010409213, 2.203536253101145, 1.8497800052426028], "((1, 1),)": [1.8761768444122444, 43.74073459322616, 11.492416711454993, 4.080397242765128, 2.47481746123384], "((1, 3),)": [1.5375369266419228, 5.07716871966592, 4.741664434533638, 3.164052451131428, 2.319652479813503], "((2, 4),)": [1.1559921963397648, 3.5566409282296703, 4.1816941239484136, 2.6661357258216922, 1.7045524695121266], "((0, 0),)": [0.6126662821681053, 1.6403640151936276, 1.7992578315375116, 1.076859817796933, 0.7690370339135832], "((2, 3),)": [1.4374704996705157, 4.51467698024278, 5.216126520076998, 3.1233448396017534, 2.001479919965992], "((1, 2),)": [1.8788568965918568, 12.406517387772709, 9.523983674121352, 3.8053383404743295, 2.5040214887018757], "((4, 1),)": [1.3741615562953438, 3.839952633261665, 3.478725312230466, 3.022247835985923, 1.6881699604410114], "((0, 1),)": [1.2083082006659414, 3.4160642088415454, 3.4262428347024825, 1.4913544770023135, 1.807703580787518], "((4, 0),)": [0.6777505539071771, 2.1067753018809494, 1.4815907901516774, 1.4264646893714539, 1.1402165546971408], "((1, 0),)": [1.169509223603879, 2.8464767307595746, 3.310833654758615, 1.4305063188680078, 1.253331905204987], "((4, 2),)": [1.3547657229506447, 2.771708733155501, 4.60854135811634, 3.0692663327222034, 1.9707658918386914]}}