{"meta": {"n": 2, "c": 1.0, "b": 3.0, "phi": 1.0, "sigma": 0.0, "rho": 0.0, "kappa": 100, "K": 1, "price_grid": [1.0, 1.25, 1.5, 1.75, 2.0], "observed_shocks": true, "mu": 1.5, "seed": 42, "n_actions": 5, "fp": "00a9ce0d9f1aff57676b16ae"}, "Q": {"((2, 2),)": [2.204598334568757, 6.300239300402405, 5.697031253643282, 4.564591713423282, 2.4663209338006316], "((2, 4),)": [1.0234957907725042, 2.7632962271753696, 3.154858532786776, 1.8456450317999222, 1.4324848785854516], "((0, 1),)": [1.3080249364393073, 1.663662890974705, 4.111849172063256, 2.7400756127366135, 1.2852877789142438], "((0, 0),)": [0.45415059687757947, 1.1273157515543146, 1.6609907664578993, 1.6865440077939617, 0.8164971720340753], "((0, 4),)": [0.7739393442614667, 1.3982377570503344, 2.281936971896428, 1.367535344662604, 0.6985446893313423], "((2, 3),)": [2.1356610113144665, 5.242191251733901, 5.21515643434585, 3.775120115482648, 1.7380787128302444], "((0, 2),)": [1.4651610597659952, 3.3141406186478113, 3.4485627492795623, 3.5754225891048934, 1.1110765408922059], "((4, 0),)": [0.9875497493131963, 1.4740372303075793, 2.24514044223966, 1.5480524629413384, 0.9225696331290885], "((1, 0),)": [1.0303471679346592, 3.1697614233669906, 3.4994336966526585, 2.2301337045634226, 1.083128571962692], "((1, 1),)": [1.7391212370874598, 43.74295124780259, 13.56624977201295, 5.401749548559551, 1.8870133039041597], "((4, 3),)": [1.066830080247855, 2.754592149294101, 3.4317115439058052, 2.209180865085737, 1.1461273606754043], "((3, 1),)": [1.861666029636368, 3.129602093466212, 5.306390660301862, 4.047376581566513, 1.7339388324995986], "((0, 3),)": [1.3093289911543766, 2.083166446633463, 2.8582160640739644, 2.3878993728827957, 1.4400890743106562], "((4, 4),)": [0.7458462630165179, 1.6692286259845486, 2.2047836590166647, 1.6448392045713844, 0.8754446982393231], "((3, 4),)": [1.1728110901758093, 2.342552869957383, 2.638240916238403, 2.3588433039048433, 1.3549450198789028], "((3, 2),)": [2.243216903453499, 5.3193866108743455, 5.03926545312275, 3.3770751440388596, 1.778571100654047], "((1, 3),)": [2.113676357855884, 6.052306486403957, 6.131420304088395, 3.583223007326483, 1.6706044180820756], "((3, 3),)": [1.7308350301753548, 3.657357138846434, 4.53014251235047, 2.659554622735813, 1.832861725165636], "((2, 0),)": [1.582452596418658, 1.9035700149515462, 3.968900840775536, 2.593983394840692, 1.098840556289292], "((2, 1),)": [2.1836568496853532, 6.329530076020382, 6.057196610726826, 4.12728025931494, 1.657289466712417], "((3, 0),)": [0.9839728566194729, 2.654291846946788, 3.152660614419038, 1.797003296747154, 1.2135850642609207], "((1, 2),)": [1.7714506352048003, 14.751054729296882, 9.116803376304896, 5.330638156157437, 2.4119640916978615], "((1, 4),)": [1.1681590844529082, 2.2259068409174936, 3.756556580292493, 2.477269691792058, 1.3989401780985942], "((4, 1),)": [0.9812681085351275, 3.2838762209295322, 4.241508614515155, 2.379534341197514, 1.4388027278241995], "((4, 2),)": [1.8890091289837894, 3.278963561809277, 4.5092242360273636, 3.221683156244058, 1.2335864191084405]}}