{
  "meta": {
    "n": 2,
    "c": 1.0,
    "b": 3.0,
    "phi": 0.8,
    "sigma": 0.08,
    "rho": 0.0,
    "kappa": 0.0,
    "K": 2,
    "price_grid": [
      1.0,
      1.2,
      1.4,
      1.6,
      1.8
    ],
    "observed_shocks": true,
    "mu": 1.5,
    "seed": 42
  },
  "t": [
    0,
    1,
    2,
    3,
    4,
    5,
    6,
    7,
    8,
    9,
    10,
    11,
    12,
    13,
    14,
    15
  ],
  "p_dev": [
    1.7999999999999996,
    1.6000000000000005,
    1.7999999999999996,
    1.7999999999999996,
    1.7999999999999996,
    1.7999999999999996,
    1.7999999999999996,
    1.7999999999999996,
    1.7999999999999996,
    1.7999999999999996,
    1.7999999999999996,
    1.7999999999999996,
    1.7999999999999996,
    1.7999999999999996,
    1.7999999999999996,
    1.7999999999999996
  ],
  "p_riv": [
    1.7999999999999996,
    1.7999999999999996,
    1.7999999999999996,
    1.7999999999999996,
    1.7999999999999996,
    1.7999999999999996,
    1.7999999999999996,
    1.7999999999999996,
    1.7999999999999996,
    1.7999999999999996,
    1.7999999999999996,
    1.7999999999999996,
    1.7999999999999996,
    1.7999999999999996,
    1.7999999999999996,
    1.7999999999999996
  ],
  "theta_bar": -0.1319963235225046
}