{"meta": {"n": 2, "c": 1.0, "b": 3.0, "phi": 1.0, "sigma": 0.0, "rho": 0.0, "kappa": 5, "K": 1, "price_grid": [1.0, 1.25, 1.5, 1.75, 2.0], "observed_shocks": true, "mu": 1.5, "seed": 42, "n_actions": 5, "fp": "1c8d0635601c427bf5c45e97"}, "Q": {"((2, 2),)": [1.6018614182140587, 4.265950988891681, 74.99530916375284, 4.091392791250967, 2.1638122664801887], "((4, 2),)": [0.7854363893411289, 2.3135924551085782, 3.1759989620506435, 1.8232542267394456, 1.0233871592442443], "((3, 0),)": [1.0797023280964886, 2.2160658694713575, 2.996461934098098, 2.5872247269065207, 1.2751469571208025], "((4, 4),)": [0.7241772052585191, 1.9742579922048131, 2.642298911852972, 1.6839296664993069, 1.2873610727744378], "((0, 3),)": [0.6938196500210752, 0.9686404172554386, 2.811565311226304, 2.018836417391582, 1.3753430579264743], "((1, 0),)": [1.0119960898147262, 2.3184782644684248, 2.354628603349082, 2.479149993856267, 1.7373679878174255], "((4, 0),)": [0.47583058896516967, 1.1972606235351944, 2.9419587980415987, 1.7986982378901146, 0.679156497525816], "((0, 4),)": [0.785735802623446, 1.7569321428650424, 1.1711890005798224, 1.7384367464657533, 1.2632327345209913], "((1, 4),)": [0.6621895366280324, 1.6361273967510046, 3.9237443369478555, 2.376868459995584, 1.1392606339016145], "((2, 0),)": [1.172184808510769, 2.2923732952286064, 7.697911964781853, 2.9256595485911947, 1.426934502557925], "((3, 3),)": [1.024483497455326, 2.392714718110332, 4.63703561147052, 2.707631088371428, 1.5692296124036527], "((3, 1),)": [1.0742675469745135, 1.956807187546523, 4.572738961378374, 2.68937180113992, 1.6363120501236061], "((3, 2),)": [1.0804166003133613, 3.242856743276014, 4.400035206886385, 2.9417977563767135, 1.8111167172207658], "((0, 2),)": [1.0668919304994997, 1.9221884557685884, 2.885324119842693, 2.1289411119461654, 1.307036595080724], "((4, 3),)": [1.1061557436538163, 1.9465475201675781, 2.911568346876487, 2.090874774355019, 1.6191030891362233], "((0, 1),)": [0.8636371855683297, 1.4642610269241418, 2.2457008940049525, 1.9486019616504462, 0.8521907873008455], "((1, 3),)": [1.1522087390777735, 2.74534507015067, 4.761295188685916, 1.9396855490169846, 1.700208345329353], "((4, 1),)": [0.8898188614672363, 2.585301123197033, 2.4547551015291007, 1.8853670600120156, 1.1609101470294512], "((1, 2),)": [1.131644897342993, 2.6038211691416153, 5.257129740066282, 3.2780914808018, 1.633352343762945], "((2, 4),)": [1.1912148762257315, 2.4350269340023183, 7.690581987867865, 3.0970290912476326, 2.0574203829721323], "((3, 4),)": [0.7105683243234818, 2.3942195004657782, 4.579644650214511, 2.1072485698990655, 1.1235580007687591], "((2, 1),)": [1.5482593520348176, 4.070166156206323, 9.094090280892612, 2.5422008324798164, 1.7611979225489993], "((0, 0),)": [0.40008063053989207, 0.8840997703464605, 1.9941191415450492, 1.0824763047835773, 0.7158860548258925], "((1, 1),)": [1.098209251290848, 2.339993082818759, 4.779123683707574, 2.781629337322656, 1.414184311722757], "((2, 3),)": [0.9109294152093754, 3.822706074665593, 8.796966057011534, 3.5161861712794846, 2.2038496296493726]}}