{"meta": {"n": 2, "c": 1.0, "b": 3.0, "phi": 1.0, "sigma": 0.0, "rho": 0.0, "kappa": 5, "K": 1, "price_grid": [1.0, 1.25, 1.5, 1.75, 2.0], "observed_shocks": true, "mu": 1.5, "seed": 42, "n_actions": 5, "fp": "1c8d0635601c427bf5c45e97"}, "Q": {"((2, 2),)": [2.296466821149168, 4.585476440538498, 74.99236035051128, 6.1929465596386, 2.705910599596348], "((3, 2),)": [2.2528767916738808, 4.042406121322171, 6.995616213549796, 5.6355637296542005, 2.637620382859166], "((4, 3),)": [1.2005434840683735, 2.2016494120804944, 2.0489648142954864, 2.571505483861153, 1.538011730345243], "((0, 4),)": [0.8477382619620235, 1.3905460418884732, 1.7523100901226245, 2.2389323433506707, 1.2535918289116006], "((3, 3),)": [1.457236025285343, 2.658164948235901, 3.538676024939176, 3.1614577550257166, 1.9844140593903241], "((0, 2),)": [1.410795068050033, 3.0315971084070803, 2.5690093693313143, 3.062792383676243, 1.488849405127172], "((1, 4),)": [1.2199646445382009, 2.4524456117100493, 2.5206945347515504, 2.516975829373614, 1.8471799154766475], "((3, 4),)": [1.4630608236463098, 2.346817283435776, 3.2008236020213228, 2.7741725125208956, 1.5438940486284571], "((2, 1),)": [1.8418711296753383, 3.932635272835121, 4.519580805390634, 3.910219602389267, 2.076245646271723], "((2, 0),)": [1.051827939860461, 1.3635685238577486, 2.254603202016473, 1.7496451832642794, 1.3410373940505897], "((3, 1),)": [1.649419730817209, 3.226858103411801, 4.335442203682944, 3.967237325677173, 2.3565127359031854], "((4, 4),)": [0.9025436270921117, 1.7791438626329368, 1.7229876693190884, 2.0754535889384775, 1.0449031902400503], "((3, 0),)": [1.0680032525319283, 1.4454898167403796, 2.0802572628777942, 2.4638009385121875, 1.3342733992414486], "((0, 3),)": [1.0577636305593896, 1.8490559071220418, 2.0195676273147063, 2.5177741796334367, 1.1967670344130565], "((1, 1),)": [1.527755482965031, 2.471114529119422, 4.376239024597726, 3.5014354112756596, 2.2257186786343244], "((1, 3),)": [1.8408507600318484, 2.8609703040769707, 3.127713901402168, 2.8910279156196834, 1.5181682344709553], "((2, 4),)": [1.36963304155103, 2.1229499191114236, 3.1042417951013404, 2.821966870068352, 1.6122023305600002], "((0, 0),)": [0.5925392291295183, 1.1460586833952178, 1.2500420392249447, 1.1039490100808123, 0.8472637931694126], "((2, 3),)": [1.8637631830245012, 2.954901271150961, 3.3242811853762912, 3.676062514181844, 2.0476787747441185], "((1, 2),)": [1.7521425309005232, 3.80661217747931, 4.916874573451721, 4.9232081266682135, 2.2237450756625265], "((4, 1),)": [1.452337070309293, 2.7434400451192706, 2.6075591592361285, 2.319653018294461, 1.76644128492317], "((0, 1),)": [1.0693391139241142, 2.0368794211812324, 3.0572309026857747, 2.4462246720917915, 1.1310634874076448], "((4, 0),)": [0.6900785507513743, 1.078126571428889, 1.6566749929127027, 1.858318337773313, 0.8121171810684228], "((1, 0),)": [0.878682858140635, 1.4380702819651816, 1.7206926575268855, 2.3392145335221834, 1.202078826008336], "((4, 2),)": [1.226791775216738, 3.3143068873627657, 3.6509035067716464, 3.4359912230197067, 1.6864361991323888]}}