{"meta": {"n": 2, "c": 1.0, "b": 3.0, "phi": 1.0, "sigma": 0.0, "rho": 0.0, "kappa": 5, "K": 1, "price_grid": [1.0, 1.25, 1.5, 1.75, 2.0], "observed_shocks": true, "mu": 1.5, "seed": 42, "n_actions": 5, "fp": "1c8d0635601c427bf5c45e97"}, "Q": {"((2, 2),)": [1.5588655702641965, 5.872834558718399, 74.99287829754833, 4.272509898205273, 3.4720744133038486], "((4, 4),)": [1.1247939599575933, 1.5806656603507143, 1.7305120758694168, 2.5838001842860288, 1.7925485523289575], "((3, 3),)": [1.2912738114943123, 3.0468853262368416, 4.910928787288457, 3.1380672413818753, 1.7745298774362461], "((0, 1),)": [0.8935630368616118, 1.9667559444128453, 3.7911012568236777, 2.0289011724815005, 0.9103061982996139], "((2, 4),)": [1.108467963317229, 3.1422394097292448, 4.954276314717447, 2.4311192003935616, 2.4635112270335076], "((1, 1),)": [1.6889383417917254, 4.383248178300287, 6.707647671305208, 2.893195544787119, 2.4558423701344423], "((0, 0),)": [0.577296565937274, 0.8359490527169849, 1.4542543467897715, 1.5010131384463514, 0.734639035426802], "((1, 0),)": [0.6628834190081992, 1.8421927655836052, 2.1448535787680623, 1.4179919987907923, 1.5127284161627381], "((3, 4),)": [0.9510947809208026, 2.9461069128325774, 4.148436807431742, 2.164944251070636, 1.5330904340291738], "((1, 4),)": [0.8891078922830092, 2.8213987343708946, 4.059315894709423, 1.9616420867900084, 1.4405218140285618], "((4, 2),)": [0.8135653069407853, 3.605933749504518, 4.114604883411657, 3.3063891000432957, 2.745858055551679], "((0, 3),)": [0.8764503864254122, 2.4892960310766976, 1.306427063436034, 2.107838387978726, 1.5899550147336823], "((1, 2),)": [1.4183554609902478, 5.639398596812422, 10.123124768253232, 3.97013496266441, 2.7692956646050635], "((2, 0),)": [0.908362091223752, 1.9929095771405818, 3.5927339120937765, 1.8504441153611424, 1.2966787364326433], "((2, 3),)": [1.28170961587668, 4.189247097136031, 4.957322822267707, 3.1802923388894886, 2.731282374602652], "((3, 2),)": [1.5730499059320089, 5.117704700018615, 8.660552168778416, 3.359537150534085, 2.8724901990901484], "((4, 1),)": [0.9252141999492892, 2.466716647990854, 4.280998872383908, 2.3718491686090215, 1.4623343833939102], "((4, 3),)": [1.2194305377069967, 2.1310348358753246, 3.657868563797668, 1.5888064838869462, 1.079197088014119], "((4, 0),)": [0.7218652984998104, 1.1798153226170174, 1.7667429574702818, 1.882022659149155, 1.3780505613276148], "((1, 3),)": [1.256467646159479, 3.625583303305395, 4.782687110905914, 3.082641414414779, 2.3801299332564905], "((2, 1),)": [1.1078270951790707, 4.809220120378372, 6.742590045217083, 3.7380693957845055, 2.645062774102277], "((0, 4),)": [0.5584123249874043, 1.9836803139112824, 1.9218403063007494, 1.8782118453103664, 1.2936572474131354], "((3, 0),)": [0.9993206351260051, 1.7303555842021952, 2.6370350860451826, 2.0733517374449555, 1.9300343239005904], "((0, 2),)": [0.9355174320899979, 2.0149453952047813, 4.3236631827456025, 2.7144678640628346, 1.9620596671935104], "((3, 1),)": [1.5207403033983393, 4.8585734999418335, 5.482154826514188, 3.117547868854174, 2.22999635839381]}}