{"meta": {"n": 2, "c": 1.0, "b": 3.0, "phi": 1.0, "sigma": 0.0, "rho": 0.0, "kappa": 5, "K": 1, "price_grid": [1.0, 1.25, 1.5, 1.75, 2.0], "observed_shocks": true, "mu": 1.5, "seed": 42, "n_actions": 5, "fp": "1c8d0635601c427bf5c45e97"}, "Q": {"((2, 2),)": [1.9363700368528045, 6.119120899229044, 74.99207803622964, 5.184204442649368, 2.6725824523538493], "((2, 4),)": [1.3370128895646347, 2.565256895027731, 3.6747217512364907, 2.2812192358471175, 1.8524091317403248], "((0, 1),)": [1.300569219013146, 1.3310549348465126, 3.5476864305978952, 2.1530233578632396, 1.2983553318644192], "((0, 0),)": [0.44282549842438224, 1.126328880207108, 1.4694445093693906, 1.6725988835194152, 0.8393111523940278], "((0, 4),)": [0.7456040206126988, 1.3089021425252143, 2.2260728256595974, 1.5435163373511174, 0.89726578949176], "((2, 3),)": [2.1981023808845235, 3.8238316439281714, 6.245874083458057, 3.4861825836990485, 2.0868009952746385], "((0, 2),)": [1.184511837860831, 3.202614244515512, 3.9268882966944543, 3.9554601042914466, 1.2976637452224054], "((4, 0),)": [1.0885520446665098, 1.5944180933166296, 2.4894297778030032, 1.7455519788072196, 1.035659131180659], "((1, 0),)": [1.0092359041955303, 2.2749984403018573, 3.2816795468157918, 1.87173592061734, 0.985522919501833], "((1, 1),)": [1.8051889250712203, 3.698496163765309, 6.461189206437032, 3.4054851028360584, 1.662542489854425], "((4, 3),)": [1.3307594569032888, 2.8029069163912643, 3.6596834489905024, 2.798379808511053, 1.5631268214796363], "((3, 1),)": [1.8644019456063672, 2.7185518902425674, 5.721941404829472, 3.4041940386612057, 1.79190105231477], "((0, 3),)": [1.3003194086079874, 1.837964953076852, 2.7493867735383426, 2.804862232685023, 1.6558617745040394], "((4, 4),)": [0.7508732663177995, 1.662438887680639, 2.6697287164496863, 1.885534104859932, 1.0696482945916084], "((3, 4),)": [1.1108311310508512, 2.5657216124153814, 2.788884599292213, 2.7590472229884853, 1.692672698619768], "((3, 2),)": [2.1577043885822222, 4.544546186298411, 7.942991672947587, 4.088425419293028, 2.35628364515765], "((1, 3),)": [1.6033130098508361, 3.5147876232072583, 6.316509740963112, 3.3943276503050157, 1.8314300750799895], "((3, 3),)": [1.6672997166639714, 3.8536019300939364, 4.981601638403237, 2.876153005069315, 1.9500303934800922], "((2, 0),)": [1.48503725054234, 1.8299908581971511, 3.8656159226923625, 2.661182823585785, 1.5371759279610326], "((2, 1),)": [1.6096851366408527, 2.9467015839543573, 6.91642910751843, 3.700888248506629, 1.7042279489342111], "((3, 0),)": [0.8069082111472257, 2.206750370735548, 3.2327402432118446, 1.6832309131956174, 1.3286941945169841], "((1, 2),)": [1.476967730721565, 4.429241944825595, 10.086426582896454, 5.293269346991895, 2.628753770950953], "((1, 4),)": [0.8535000208425476, 2.075363174696153, 3.8168074548606734, 2.5185284417639204, 1.6427643153121458], "((4, 1),)": [0.8764192627252134, 2.7321374464905896, 4.009856256106184, 3.1574623295230606, 1.8633435087817545], "((4, 2),)": [1.8423882090079116, 3.4444939343710432, 5.819073211335655, 3.611905239705689, 1.2874951103184442]}}