{"meta": {"n": 2, "c": 1.0, "b": 3.0, "phi": 1.0, "sigma": 0.0, "rho": 0.0, "kappa": 5, "K": 1, "price_grid": [1.0, 1.25, 1.5, 1.75, 2.0], "observed_shocks": true, "mu": 1.5, "seed": 42, "n_actions": 5, "fp": "1c8d0635601c427bf5c45e97"}, "Q": {"((2, 2),)": [2.0005366014201105, 7.0321516769771835, 74.99188909818365, 4.707353895215338, 2.8549390560248367], "((2, 4),)": [1.123459598483753, 2.2230000248551995, 2.398631911445415, 2.03974289756611, 2.040882533920947], "((0, 1),)": [1.0230247337843383, 2.4393540317932647, 2.2754119927003473, 1.8358012190445219, 1.1386627370141724], "((0, 0),)": [0.8632175507870478, 1.096184475946649, 1.1417864999980079, 1.0066175024861228, 1.0971096554452107], "((0, 4),)": [0.6900578903970912, 0.799577673478878, 1.8044085013444018, 1.7119922598050743, 0.6990126939488627], "((2, 3),)": [1.5225598780097462, 3.792025745643994, 4.164188883959927, 3.020989714334555, 2.4013436241346815], "((0, 2),)": [1.3194600563709695, 2.8673706258028093, 2.9943337319942094, 2.577702904982873, 1.9802735782395935], "((4, 0),)": [0.9542066656739923, 1.4710928880392733, 1.9635431313900373, 1.2921891391557654, 1.3210715748987456], "((1, 0),)": [0.6948193302055069, 1.7238296078408653, 2.28880472617563, 1.9618726952629955, 1.4289992389687556], "((1, 1),)": [1.5153814442596012, 4.4473265107396145, 4.014013841354108, 2.5501517354843486, 2.15690381504846], "((4, 3),)": [1.0663032978507831, 2.630996890726465, 2.543974406480323, 2.3309026937702497, 1.5528713425610592], "((3, 1),)": [1.237013220131649, 3.41027633003259, 3.9399516534913652, 2.2287019882483268, 2.108273319337379], "((0, 3),)": [1.0118384696749443, 2.242986281470587, 2.2355610539483783, 1.8574508328620327, 1.3831858506297476], "((4, 4),)": [0.7704720813167178, 1.5156025042381285, 2.1202807567567903, 1.5411439567920213, 1.1469491989766274], "((3, 4),)": [0.9662471937001779, 1.968208268673469, 2.3196203360026315, 2.042905677664307, 1.8267767496463776], "((3, 2),)": [1.8994088815406052, 5.541082571509024, 5.15451590853622, 3.819754284824831, 2.5620436882996573], "((1, 3),)": [1.50975577827201, 3.516844723349557, 4.386493743684317, 2.664312370407962, 2.2499108997272703], "((3, 3),)": [1.6458768777604562, 3.25728682723086, 3.221630746993161, 2.6465068367718807, 2.3144680522800485], "((2, 0),)": [1.0521982877594782, 1.9303589545475115, 2.3703967611808907, 2.562972892231399, 1.5760786162719378], "((2, 1),)": [1.6464507660027343, 3.157658479125268, 4.920821393821425, 3.39217918572425, 2.1929062152484664], "((3, 0),)": [1.0720799007253257, 1.8850320223562722, 2.1075590259753545, 1.790006686585258, 1.4994073480623262], "((1, 2),)": [2.086832708445541, 6.913096340419058, 7.907082556411295, 4.4030415731435895, 2.903932794394935], "((1, 4),)": [0.9285151728363599, 1.807328995799341, 2.8895255298991156, 1.8344664812074394, 1.8596021131753686], "((4, 1),)": [0.995817674455317, 2.0189790407501844, 2.87672026529966, 2.6156294232982766, 1.9037105809238195], "((4, 2),)": [1.8012552888774322, 3.217440608239008, 4.039894659616223, 3.054392925770201, 2.214454591545435]}}