{"meta": {"n": 2, "c": 1.0, "b": 3.0, "phi": 1.0, "sigma": 0.0, "rho": 0.0, "kappa": 5, "K": 1, "price_grid": [1.0, 1.25, 1.5, 1.75, 2.0], "observed_shocks": true, "mu": 1.5, "seed": 42, "n_actions": 5, "fp": "1c8d0635601c427bf5c45e97"}, "Q": {"((2, 2),)": [1.9570168690362666, 7.292594536958557, 74.99270740037005, 5.089329810060795, 2.64247487594787], "((4, 4),)": [0.5025733183083061, 1.4923357392876304, 2.448757717505845, 2.2466442012655645, 0.6070279836048735], "((3, 3),)": [1.20200963324952, 2.9904681151444663, 3.415267622233562, 3.3919145204565955, 1.6401344792636041], "((0, 1),)": [0.9876988920786391, 2.417619484246578, 2.7648046007081803, 1.76308542657353, 1.2791976306726236], "((2, 4),)": [1.4100315912150814, 2.7491654629393163, 3.3050994722559865, 3.3462179472237836, 1.9474871800222366], "((1, 1),)": [1.6045597456932703, 4.393432787113771, 4.391716417437198, 3.6633845539949794, 1.799182536403491], "((0, 0),)": [0.46082274117704725, 1.4249902433223491, 0.8460823311859004, 1.0194154981070702, 1.0661541181576621], "((1, 0),)": [0.8046594083123954, 0.9750559291871014, 2.2571191123803866, 1.5806512929938596, 1.0699811467087772], "((3, 4),)": [1.3441294194624378, 1.9090665941795644, 3.3923939120009665, 2.4335193758059344, 1.5804548578983513], "((1, 4),)": [1.3681132050782356, 2.7074427106193544, 2.976705204939795, 2.305384087698409, 1.600549852247281], "((4, 2),)": [1.116854670948574, 3.2719574115619032, 3.4220954232964704, 2.903754840897633, 1.5641525685005258], "((0, 3),)": [0.8274043030378705, 1.928588681759963, 1.5563692214077292, 2.0665144835878686, 1.3087751897955024], "((1, 2),)": [1.6069026103207766, 5.847529073767953, 8.09976996620961, 5.078396195637146, 2.4333808067056726], "((2, 0),)": [0.9120204794886422, 1.7149147690517559, 2.7414586107708065, 2.077201653401772, 1.4374785854185546], "((2, 3),)": [1.5096773096801523, 3.6861271966795823, 3.5057418123266912, 3.2367530738727033, 2.1112378943283514], "((3, 2),)": [1.7313126791572493, 5.393359990153548, 6.12518656923844, 4.238140530422367, 2.081869068788156], "((4, 1),)": [1.265916224023708, 1.3758434752164812, 3.096164321728785, 2.863304244251392, 1.3286762891756172], "((4, 3),)": [0.8973966683703354, 2.257876582355869, 2.6213570123291055, 2.1298436563883416, 1.1116128392871687], "((4, 0),)": [0.5876783443014251, 1.5755128158425873, 1.504171549546713, 2.0345887103599676, 0.5155332581345472], "((1, 3),)": [1.4251049897259058, 3.4778720814098754, 3.5322331483386074, 2.8970616651938954, 2.2402726982023453], "((2, 1),)": [2.2388518497208114, 3.7612948402653594, 4.695420750487624, 3.971871032405238, 2.4367740265056614], "((0, 4),)": [0.6271490723400246, 1.399138091346917, 2.1611120491692253, 1.6683475705227848, 1.0887860059127634], "((3, 0),)": [0.9299112756413321, 1.9214826131973415, 2.3953081200613093, 2.176228326365776, 0.9947043415770034], "((0, 2),)": [0.8934509125650923, 2.1413661567503226, 3.4246251445096783, 2.590805186819991, 1.9364327149758946], "((3, 1),)": [1.605172858340838, 3.7657466336787913, 3.9905042936396895, 3.591938669741414, 1.8930730072128872]}}