{"meta": {"n": 2, "c": 1.0, "b": 3.0, "phi": 1.0, "sigma": 0.0, "rho": 0.0, "kappa": 5, "K": 1, "price_grid": [1.0, 1.25, 1.5, 1.75, 2.0], "observed_shocks": true, "mu": 1.5, "seed": 42, "n_actions": 5, "fp": "1c8d0635601c427bf5c45e97"}, "Q": {"((2, 2),)": [3.2472360387765375, 4.949992521321363, 74.99514505244242, 4.838351742331819, 3.3386377078699794], "((4, 2),)": [1.1707401544701899, 1.465310363007367, 1.9881301243755214, 1.7885162035010602, 1.1367075736545804], "((3, 0),)": [0.9650922117148965, 1.1616956656481852, 1.959836589842031, 1.868967842349776, 1.5294346577605151], "((4, 4),)": [0.9877596838312135, 1.2656277652607408, 1.7511583220022033, 1.5091947042260716, 1.2791434409830842], "((0, 3),)": [0.9415522191123996, 1.2794163930499607, 1.7379337326451954, 1.7335973478155395, 1.2267453455252877], "((1, 0),)": [0.9664644681794793, 1.7435944311107419, 1.9402878059406659, 1.836144894694475, 1.2376041523345094], "((4, 0),)": [0.7813966963868623, 1.4432100618287225, 1.6840276446716913, 1.4237097971667751, 1.162075852598821], "((0, 4),)": [0.6358350622588389, 1.3887743822934044, 1.3516185757841146, 0.9779209601418385, 1.1650789853310872], "((1, 4),)": [1.0985350915261076, 2.0977327332812927, 2.136748318091425, 1.9531261647375635, 1.307982972204922], "((2, 0),)": [1.3254525424189862, 2.3030297020387245, 4.395790503331814, 2.989630330429903, 2.633370150042026], "((3, 3),)": [1.6561064465504094, 1.9994604214077767, 2.4325958925144193, 2.3499263444550964, 1.8292305952779349], "((3, 1),)": [1.2973665148835958, 2.2155626321167623, 2.4017149953419854, 2.391664029605384, 1.4308229747514547], "((3, 2),)": [1.3999390778156382, 2.272663745357366, 2.4764474501860922, 2.323593194986212, 1.4878522695031935], "((0, 2),)": [0.8696018330139766, 1.4554396735473376, 1.6208629483719577, 1.9801600839236309, 1.0988196715796839], "((4, 3),)": [1.1719737819400793, 1.6283315571275203, 1.9833174903482302, 1.8224062244347257, 1.2086540538779644], "((0, 1),)": [0.7929215146202268, 1.2287557119801495, 1.5530998151575424, 1.3557520255559476, 1.1816125332255225], "((1, 3),)": [1.2398464491880705, 2.336603017545518, 2.529135969006115, 2.1005771254317485, 1.8587713568540165], "((4, 1),)": [0.7748477131154401, 1.6467648146929548, 1.3943145465687363, 1.873438650751161, 1.0803457802510503], "((1, 2),)": [1.401053450999193, 2.3779583940559177, 2.6428540084267302, 2.5729569732006023, 2.0571059157034735], "((2, 4),)": [1.8744223635120885, 3.5198898587751764, 4.302759356755702, 3.0183495601657175, 2.3819838067700507], "((3, 4),)": [1.0287627621071602, 1.9012789012742597, 2.7528081270153635, 1.904767091508591, 1.3237580303455516], "((2, 1),)": [2.217522431359044, 4.649731869634098, 5.771426133608474, 4.380222404842643, 2.5104306358969892], "((0, 0),)": [0.7276379725320115, 1.133674031126757, 1.3514843896764652, 0.944418741210101, 0.5302087558154478], "((1, 1),)": [1.5800595254131764, 2.51577114333195, 2.397686009081815, 2.0596175513206614, 1.640712865470367], "((2, 3),)": [2.180013571290697, 3.900849985862677, 5.575251161904353, 3.8513849129404423, 3.0879494614715637]}}