{"meta": {"n": 2, "c": 1.0, "b": 3.0, "phi": 1.0, "sigma": 0.0, "rho": 0.0, "kappa": 5, "K": 1, "price_grid": [1.0, 1.25, 1.5, 1.75, 2.0], "observed_shocks": true, "mu": 1.5, "seed": 42, "n_actions": 5, "fp": "1c8d0635601c427bf5c45e97"}, "Q": {"((2, 2),)": [1.67810318526838, 5.661432803105443, 74.99259985083533, 3.951024982634279, 2.808524919826023], "((3, 2),)": [1.284256397498811, 5.670159757532045, 9.353892916678358, 4.058760687664282, 3.0063843904318825], "((4, 3),)": [0.9086519127655585, 2.3030432956303786, 3.29784760085529, 1.3597009149042485, 2.171642403180705], "((0, 4),)": [0.9178028366069697, 1.6709636223198383, 2.9058065969448945, 1.6928944008092313, 1.3637850331788668], "((3, 3),)": [1.3580407718225238, 2.9512179801925074, 4.892376902614383, 2.5271575279083787, 2.664200409689447], "((0, 2),)": [0.9042374775470688, 4.5877693535280795, 3.2948251505525525, 2.5883941387979106, 1.735509811215663], "((1, 4),)": [1.087342642001506, 2.8852257223707696, 3.0997137259349827, 2.4952478126003284, 2.29603140614381], "((3, 4),)": [1.0830007313591825, 3.4175672132868034, 3.665374940594421, 2.655075948835388, 2.0829736939659864], "((2, 1),)": [1.3866710876228197, 4.583728697665577, 6.361503868771051, 2.930774228149821, 2.0483246616969684], "((2, 0),)": [0.9934057219302513, 2.5056910484541026, 2.40818053687885, 1.4699941634090248, 1.467637469325739], "((3, 1),)": [1.3267720923967448, 4.56697598450566, 6.3305501542456994, 3.2573513691265896, 2.214539262197804], "((4, 4),)": [1.0905636762740918, 2.448760766935576, 1.9613221453513916, 1.3660212633554933, 1.6178836106755832], "((3, 0),)": [1.272802128639268, 2.1619360505746004, 2.763270825570295, 1.991456446403662, 1.689733446987233], "((0, 3),)": [0.8644023223477814, 2.597439869371546, 1.1889996796011957, 1.9650390628536472, 2.4586814035900644], "((1, 1),)": [1.5619744496639876, 3.588345022766207, 6.123566493507454, 3.2673416795609094, 2.229617674230019], "((1, 3),)": [1.359714550990344, 3.4299818589276927, 4.22762040242228, 2.3012894669379564, 2.4376722593444606], "((2, 4),)": [1.0978015566990316, 3.351961298556526, 3.784076114934096, 2.3687735109276224, 2.0801738682327757], "((0, 0),)": [0.5851734760555874, 1.2586805332179352, 1.7859297982324787, 1.0080547806861362, 0.729543968568124], "((2, 3),)": [1.1630995902742782, 4.01791495137274, 5.168981923142935, 2.7955216702138688, 2.271891601419148], "((1, 2),)": [1.344534571517658, 4.720318702199679, 7.7640191043421085, 3.6400334093638356, 2.3799850136269054], "((4, 1),)": [1.2077924949238728, 2.971373437133234, 3.416802395176513, 2.0964706327152656, 2.335842168508088], "((0, 1),)": [0.9106873413667163, 2.7831283987779836, 3.6613954195910083, 1.684957989745782, 2.1682692236218997], "((4, 0),)": [0.6544314460222036, 2.2757526052837656, 1.460068694022901, 1.5450414334579783, 1.1489318066068421], "((1, 0),)": [1.0459580020918298, 2.528541191887406, 2.6223699825815694, 1.5033065021023189, 1.3501900573378807], "((4, 2),)": [1.4044363118911525, 3.1544668030952927, 5.739838102922173, 2.6859807116756835, 2.092062951988722]}}