{"meta": {"n": 2, "c": 1.0, "b": 3.0, "phi": 1.0, "sigma": 0.05, "rho": 0.0, "kappa": Infinity, "K": 1, "price_grid": [1.0, 1.25, 1.5, 1.75, 2.0], "observed_shocks": true, "seed": 42, "n_actions": 5, "fp": "410a106bce9db6ac565c7945"}, "Q": {"((2, 2),)": [2.1626327359629145, 7.40377571696288, 6.4046097185640924, 4.29134948403591, 2.724683429335295], "((3, 2),)": [1.7680347338600273, 4.595572791647629, 5.204017497000416, 3.9184992554841007, 1.7683235508179243], "((4, 3),)": [1.1236188632446595, 2.2727560340576587, 1.9196707478399166, 2.3572660341360563, 1.0786535524377172], "((0, 4),)": [0.8878407060983574, 1.4225968244596012, 1.4629700513086485, 1.7783809749730164, 0.8276609913831303], "((3, 3),)": [1.4407887365524146, 3.200901225680005, 3.003929639135659, 2.9785250191979276, 1.8864405884834978], "((0, 2),)": [1.186032980868551, 3.4219402156396614, 2.7916840761505877, 2.5997163883300383, 1.1850448272931076], "((1, 4),)": [1.1662703559013403, 3.0973650104796806, 3.346856919396798, 2.4801740359875626, 1.6053951565231301], "((3, 4),)": [0.9597102402284862, 2.6203765335116302, 3.291393152853114, 2.16924019730617, 0.937377162453541], "((2, 1),)": [2.0108081473430808, 10.478256106401155, 7.950551160738418, 4.107949914392037, 2.4086300880606615], "((2, 0),)": [1.18729467609166, 1.7166178880863616, 2.7558900554003105, 2.3627943393988025, 1.2594936516569568], "((3, 1),)": [1.7199023798444504, 5.361115514441994, 4.693037358522182, 3.7448615910186756, 2.0577200954379236], "((4, 4),)": [0.8240442363867986, 1.8850026344731732, 1.6034905851763102, 1.6985887749667616, 0.827247210078232], "((3, 0),)": [1.007966541448329, 1.4617343852644558, 2.2815623506195615, 2.279732156871171, 1.0744293186688327], "((0, 3),)": [0.8782718472599464, 1.9789753132618553, 2.5728488711971007, 1.9499965062080677, 0.9223192805328403], "((1, 1),)": [2.100351952299322, 33.15956106189969, 9.509885821339463, 3.835473725681868, 2.5446355135981915], "((1, 3),)": [1.5810434074182205, 4.011318628120063, 4.51919045091178, 3.6139288205803037, 1.6203927881826454], "((2, 4),)": [1.3137688941645296, 2.608131598476307, 3.8430284813360602, 2.6044023881571214, 1.441640687718071], "((0, 0),)": [0.6586870014401128, 1.2521737778620414, 1.4334400349556473, 0.9665361256946599, 0.8647823373274971], "((2, 3),)": [1.6983283150239146, 4.1884652532233195, 4.411278053060074, 3.544937560648303, 1.7148970830469539], "((1, 2),)": [1.466253735885665, 7.588484949485251, 6.930777020137134, 4.436390317893242, 2.1557380178304792], "((4, 1),)": [1.6387099977124682, 3.2941532951924257, 3.666257942127312, 2.204165315648425, 1.316857386206246], "((0, 1),)": [0.8886080697511838, 2.5430681379367943, 3.326441631760117, 2.3638838396323436, 1.140268215040357], "((4, 0),)": [0.5570120266408771, 1.4740833267166222, 2.117140140334212, 1.5483308355414385, 0.5562993843459637], "((1, 0),)": [1.0758643027892756, 2.3427162105145714, 2.3456594296401274, 2.6535372078559716, 1.3788651480437397], "((4, 2),)": [1.0566466939407906, 3.256535888296982, 3.6257376304349647, 2.6569379626768277, 1.6276768431505986]}}