{"meta": {"n": 2, "c": 1.0, "b": 3.0, "phi": 1.0, "sigma": 0.05, "rho": 0.0, "kappa": Infinity, "K": 1, "price_grid": [1.0, 1.25, 1.5, 1.75, 2.0], "observed_shocks": true, "seed": 42, "n_actions": 5, "fp": "410a106bce9db6ac565c7945"}, "Q": {"((2, 2),)": [2.102847974700037, 8.50304154438037, 7.06021417235041, 4.268333768090864, 2.558563133100275], "((3, 2),)": [1.3929926479481392, 5.925928780298435, 5.356341280251855, 3.608204636690813, 2.6443925582376755], "((4, 3),)": [0.804974787524862, 2.8455201730208426, 2.6467722359930326, 1.6633526267517158, 1.4026984445031627], "((0, 4),)": [0.9100999351497585, 1.6045195822323424, 2.1605918210591986, 1.164635910094783, 0.9528396162243676], "((3, 3),)": [1.532101162672573, 3.542976655188142, 3.7678277711057993, 2.525147052565075, 2.0356508138462845], "((0, 2),)": [1.0315598365302323, 3.9531322447179775, 3.2007789301202516, 2.163854336071345, 1.3276700830376638], "((1, 4),)": [1.3356670686987095, 3.582504071667794, 3.7081972163118353, 2.033381427598826, 1.9428796839103009], "((3, 4),)": [0.7933894992696019, 3.176443417285102, 3.675345522704602, 1.5482444691515436, 1.1599422655348404], "((2, 1),)": [1.9765216856723948, 11.978279763201662, 7.719429128899558, 4.238324545843462, 2.3902683807840948], "((2, 0),)": [1.093144580570324, 3.1922490524248914, 2.64232873153297, 1.7135278096783573, 1.4587754108579332], "((3, 1),)": [1.3929948193193396, 5.455909513032124, 5.639799588567349, 2.65565855096519, 2.412384015739084], "((4, 4),)": [0.9721602074307858, 1.9694021743587091, 1.9000448456199615, 1.140486149474212, 1.2455373140909052], "((3, 0),)": [1.2818219262638546, 2.1177906102213555, 2.3221735758348494, 2.0278722162700524, 1.3849723007893704], "((0, 3),)": [0.8102674495579446, 2.4171066520834334, 1.4556147709313654, 2.1514855160551605, 1.7906027266195126], "((1, 1),)": [2.058711270437298, 33.55489426516734, 8.078022329117715, 4.128404520526256, 2.692823808197999], "((1, 3),)": [1.5582732522949083, 4.960707633696596, 4.969096619412879, 2.7791778268384615, 2.254741208150647], "((2, 4),)": [1.1198054914801936, 3.1371384882380906, 4.295244414570371, 1.9428723404348243, 1.7887091585042292], "((0, 0),)": [0.6726707384679137, 1.2761686761632693, 1.8069370147664396, 0.9590672518713581, 0.7806868434962642], "((2, 3),)": [1.3800981663225895, 5.113800366082854, 4.761894872239382, 2.6215068928378824, 1.8257785568942033], "((1, 2),)": [1.5872437672975073, 8.905164773300957, 7.167995209446135, 3.837159463502743, 2.5862410558387747], "((4, 1),)": [1.3341296705201495, 3.483663599677536, 4.071473847759966, 2.0006308784364286, 1.8400677169275592], "((0, 1),)": [1.1929792949326086, 2.9625831186797567, 3.8062312194053485, 1.8238928316749492, 1.6353152501859733], "((4, 0),)": [0.6287307657209263, 2.1952627833582343, 1.5001395983974999, 1.3300891462463509, 1.022599413870023], "((1, 0),)": [1.352897135978876, 2.9485436417484863, 3.436312632819329, 1.3733615592574717, 1.317925834584189], "((4, 2),)": [1.4962572429502299, 2.2249944955362895, 4.3692884628993625, 2.692497800099214, 2.049873504655891]}}