{"meta": {"n": 2, "c": 1.0, "b": 3.0, "phi": 1.0, "sigma": 0.05, "rho": 0.0, "kappa": Infinity, "K": 1, "price_grid": [1.0, 1.25, 1.5, 1.75, 2.0], "observed_shocks": true, "seed": 42, "n_actions": 5, "fp": "410a106bce9db6ac565c7945"}, "Q": {"((2, 2),)": [2.002188146069292, 7.450396175185173, 6.421542923803293, 4.346047573268274, 2.0378435864062947], "((2, 4),)": [1.027216149177017, 2.8727544343579137, 2.731291532086067, 1.7997804076467219, 1.5962288293542448], "((0, 1),)": [1.3680832192184031, 1.5004541834856717, 3.534344471964321, 2.0241119444163322, 1.239645641494409], "((0, 0),)": [0.5062326828536804, 1.0467449355741594, 1.3245554911625443, 1.662429572695287, 0.6149126450298604], "((0, 4),)": [0.6536564111802623, 0.8888294333362303, 1.462843462546987, 1.3630430902506216, 0.559335398125591], "((2, 3),)": [1.8776057435668454, 4.490738835781044, 5.231221900964142, 3.5282773770299727, 1.770906776156007], "((0, 2),)": [0.790926933221756, 2.4573298818919356, 4.020937489820116, 3.0012254537569447, 1.0998512981308766], "((4, 0),)": [0.7762622807050015, 1.2242718300865814, 2.1202489831975937, 1.4669650801183665, 0.8346243221521663], "((1, 0),)": [0.772370217390986, 2.9594277875187167, 3.1520913737654768, 1.8742628478758483, 0.9570657651322748], "((1, 1),)": [1.742445369152125, 37.60755549757879, 7.2400591465202195, 4.134098079819968, 1.4481784872481216], "((4, 3),)": [0.8405795168879069, 1.9320562858384187, 3.6616656806511534, 1.9935477717070733, 1.3314356180437075], "((3, 1),)": [1.3195836795841163, 3.4693053244444254, 5.320740950442047, 1.849484246363335, 1.5729431140723968], "((0, 3),)": [1.141310914670386, 1.8502024081368438, 2.8176970963846886, 2.295104563336931, 1.047908805820879], "((4, 4),)": [0.8643529919181956, 1.447991289034034, 2.121065044974278, 1.469815996008114, 0.6743114375244594], "((3, 4),)": [1.048559855053446, 2.179939866924226, 3.133159081563171, 1.9290134118432993, 1.071680803508042], "((3, 2),)": [2.0054816551010664, 5.183016323291207, 5.009947874716501, 3.054383994951167, 1.5035740731406735], "((1, 3),)": [1.5448202996989622, 3.736474931543807, 5.479212608321965, 3.445442006319057, 1.3689790188885518], "((3, 3),)": [1.368105035959291, 3.008422048274607, 4.229701085615002, 2.5680531723025144, 1.5923058078051744], "((2, 0),)": [1.1102583985704628, 1.9795344072585421, 3.377022129935943, 2.20149186826356, 1.1370820572307714], "((2, 1),)": [1.82591489731817, 12.698355516434894, 6.5527653821796585, 4.327565675547329, 1.464736439659136], "((3, 0),)": [0.7711610394140532, 2.1297525507443704, 2.55561876739524, 1.7844667460748078, 1.2188824586275142], "((1, 2),)": [1.3645887527653897, 8.299635522846971, 6.29755329578953, 4.58453402022072, 2.2182591428515734], "((1, 4),)": [0.9062018006150592, 2.541190016948648, 3.076665913433589, 2.3858931766461864, 1.2992599733199903], "((4, 1),)": [1.1096350602458431, 3.0297813609091877, 4.647870205981148, 2.6748915599030743, 1.284402137928648], "((4, 2),)": [1.4709655535847583, 3.9497281737234005, 4.9149324787931326, 2.419212500519337, 1.0612824004491903]}}