{"meta": {"n": 2, "c": 1.0, "b": 3.0, "phi": 1.0, "sigma": 0.05, "rho": 0.0, "kappa": Infinity, "K": 1, "price_grid": [1.0, 1.25, 1.5, 1.75, 2.0], "observed_shocks": true, "seed": 42, "n_actions": 5, "fp": "410a106bce9db6ac565c7945"}, "Q": {"((2, 2),)": [2.139978316650036, 5.875163155288532, 5.6048988376453, 3.511560000599089, 2.602348884856375], "((2, 4),)": [0.9767076750694181, 2.8016811434978006, 1.8613828649507906, 1.941439340758949, 1.211973167754633], "((0, 1),)": [0.6079354443102509, 2.677599858082203, 2.4423430751899513, 1.5668037489647042, 1.1239251481261594], "((0, 0),)": [0.744549173612145, 1.1477757698029083, 1.1571401699857196, 1.0670701424845463, 0.8307464126709341], "((0, 4),)": [0.6158372773401034, 0.8514956097311229, 1.4596828201958851, 1.2367933582732806, 0.5247517663202999], "((2, 3),)": [1.1485501124215292, 4.026398621648941, 3.996342378564321, 3.1264037959204565, 2.167207481101626], "((0, 2),)": [1.2534389247822952, 3.4784186392544103, 2.516588892113772, 2.027712934061353, 1.6455412334577084], "((4, 0),)": [0.6615117340514737, 1.5420900528652626, 1.5322424686659941, 1.2933786247757535, 0.9805269701615607], "((1, 0),)": [0.728408305728869, 2.1987557258154324, 2.552150038667548, 1.8491309662036641, 1.3402496686491892], "((1, 1),)": [1.7182999588952061, 37.169720415162466, 9.337426715824877, 3.1091656728376407, 2.2884579397030667], "((4, 3),)": [0.739162787014469, 2.754528200706962, 2.366554977201546, 2.0565248115629835, 1.1568642085055454], "((3, 1),)": [1.187375833165913, 4.443839094387876, 3.799046745383998, 2.5962648341990353, 2.3581047567546256], "((0, 3),)": [0.7583998910807136, 1.7039195845981712, 2.5489049076165013, 1.7721541515245567, 1.2976679511875178], "((4, 4),)": [0.5371589472573408, 1.3421445877573193, 1.6876607545584679, 1.3800398803357914, 0.8697536656065598], "((3, 4),)": [0.8275734364448294, 1.9289348906326653, 2.5914389334722734, 1.7381020885737963, 1.1844184854390023], "((3, 2),)": [1.4534245214890391, 4.424845630264765, 4.189297486075226, 2.5904420496619136, 1.994533351726915], "((1, 3),)": [1.275826598086685, 4.289247043775339, 4.0292056678518895, 2.9170696161253544, 2.4000650741375744], "((3, 3),)": [1.128214348852374, 3.0867263404194096, 2.8555695102704943, 2.4286538434438083, 1.8577850718094004], "((2, 0),)": [1.1568606187348371, 2.4061924817371074, 2.4974909503644196, 2.036884267509797, 1.023920312968776], "((2, 1),)": [1.6654667284017415, 10.241266706132635, 7.551421974565288, 3.3241476987748166, 2.035325882585538], "((3, 0),)": [0.9703063040792839, 1.735967845976062, 2.217219400701955, 1.677606326867433, 1.0562813079620057], "((1, 2),)": [1.861363142605837, 6.296064082115322, 5.805242093266326, 3.219984476965401, 2.7542094731398046], "((1, 4),)": [0.7458849477910876, 1.9941084819874764, 2.841162583018382, 1.9258643038174517, 1.2757989252743873], "((4, 1),)": [0.6982786152379233, 3.313116334936249, 3.5278369654980857, 1.9458677605587908, 1.9096852814343168], "((4, 2),)": [1.0923784241126508, 3.799527262888229, 3.918371215268198, 2.21252731261537, 1.9288005150881553]}}