{
  "meta": {
    "n": 3,
    "c": 1.0,
    "a": 2.0,
    "a0": 0.0,
    "mu": 1.5,
    "price_grid": [
      1.0,
      1.2,
      1.4,
      1.6,
      1.8
    ],
    "K": 0,
    "seed": 42,
    "m": 15,
    "xi": 0.1,
    "b": 3.0,
    "phi": 0.8,
    "sigma": 0.08,
    "rho": 0.0,
    "observed_shocks": false,
    "kappa": 0.0
  },
  "t": [
    0,
    1,
    2,
    3,
    4,
    5,
    6,
    7,
    8,
    9,
    10,
    11,
    12,
    13,
    14,
    15
  ],
  "p_dev": [
    1.7999999999999996,
    1.6000000000000005,
    1.7999999999999996,
    1.7999999999999996,
    1.7999999999999996,
    1.7999999999999996,
    1.7999999999999996,
    1.7999999999999996,
    1.7999999999999996,
    1.7999999999999996,
    1.7999999999999996,
    1.7999999999999996,
    1.7999999999999996,
    1.7999999999999996,
    1.7999999999999996,
    1.7999999999999996
  ],
  "p_riv": [
    1.7999999999999996,
    1.7999999999999996,
    1.7999999999999996,
    1.7999999999999996,
    1.7999999999999996,
    1.7999999999999996,
    1.7999999999999996,
    1.7999999999999996,
    1.7999999999999996,
    1.7999999999999996,
    1.7999999999999996,
    1.7999999999999996,
    1.7999999999999996,
    1.7999999999999996,
    1.7999999999999996,
    1.7999999999999996
  ],
  "theta_bar": 0.00027971613459567185
}