{"meta": {"n": 2, "c": 1.0, "b": 3.0, "phi": 1.0, "sigma": 0.0, "rho": 0.0, "kappa": 50, "K": 1, "price_grid": [1.0, 1.25, 1.5, 1.75, 2.0], "observed_shocks": true, "mu": 1.5, "seed": 42, "n_actions": 5, "fp": "39d6d9b3f997bc14d9b5aa85"}, "Q": {"((2, 2),)": [2.0435846575484846, 9.21379618477487, 7.710070322413523, 4.371832378262547, 3.3566723545293704], "((4, 4),)": [0.957854875849131, 1.5228843886903392, 1.542176639836798, 2.1014055865921875, 1.0268479560857968], "((3, 3),)": [1.2261055738112816, 2.6426257890545632, 3.715793781806818, 2.8789564324136183, 1.6238702689598883], "((0, 1),)": [1.151946382731013, 1.919059720281152, 3.288267541167451, 2.042074224036261, 0.9169274639730157], "((2, 4),)": [0.8215238052986054, 3.2527429480365773, 4.52992939460916, 3.154200423571792, 1.8484146790561293], "((1, 1),)": [2.1177907833975853, 43.744142597035456, 8.939687095130012, 4.2176689323843535, 2.6909640858325186], "((0, 0),)": [0.570479368259214, 0.8421936181063017, 1.3739026563625978, 1.3871286765023942, 0.6866030706494003], "((1, 0),)": [0.5875770033592953, 2.6637582361705623, 3.2410195071350434, 1.8818230310415307, 1.6067019955059936], "((3, 4),)": [1.065207749419125, 2.6643038209887777, 3.194236808625783, 1.8166918588580079, 1.2377847231262742], "((1, 4),)": [1.0163614480224363, 4.129732488801507, 3.854521107259396, 2.311005806989872, 1.2177802461997307], "((4, 2),)": [0.6484620297858927, 2.685402489056018, 3.206621231114232, 2.844271468145444, 1.9347111956263283], "((0, 3),)": [0.9290852591115373, 2.0696960100172674, 1.8656472781014433, 1.6644716943875302, 1.3947877613887618], "((1, 2),)": [1.6323235808368342, 9.859358827960783, 6.006347801200936, 4.260712852213205, 3.066668431612971], "((2, 0),)": [1.0651054824570827, 2.268416021949846, 3.3796489542986703, 2.0330985356034548, 1.4941343955676611], "((2, 3),)": [1.459636948318698, 5.471259782783493, 4.665214827645244, 3.201090228647259, 2.6491306670660206], "((3, 2),)": [1.5065018365063416, 4.6162296335174675, 3.8759180106893254, 3.0528919441926807, 2.378511949219791], "((4, 1),)": [1.1228870467991565, 2.704939115010876, 3.366341226471064, 1.9666397714416286, 1.5393100527542307], "((4, 3),)": [1.3427581174008445, 2.031773546685845, 3.0291616277441773, 1.722820167332989, 0.9462416168306685], "((4, 0),)": [0.7063262667796156, 1.2663188482974383, 1.643695876594504, 1.7290558017209647, 1.3109195821077118], "((1, 3),)": [1.2501749505822106, 4.922643693801636, 4.922955637410112, 3.1496270625253, 2.2005408695358617], "((2, 1),)": [1.5314719873034646, 16.36950295562503, 8.380091295705178, 4.265244708787021, 3.2360617659313498], "((0, 4),)": [0.5613577272739413, 2.1461917296906807, 2.200827210743678, 1.4539892226636226, 1.0500432681417882], "((3, 0),)": [0.881436620226032, 1.696823316973504, 2.474247865377998, 1.6660468714380978, 1.6077689921442377], "((0, 2),)": [0.7848352526065983, 1.8742464543128303, 3.2905919515004056, 2.6354983478033978, 1.6610481534776336], "((3, 1),)": [1.5674653144235178, 5.312744739650749, 4.105674826335065, 2.5104034338928605, 1.6343410871386221]}}