{"meta": {"n": 2, "c": 1.0, "b": 3.0, "phi": 1.0, "sigma": 0.0, "rho": 0.0, "kappa": 50, "K": 1, "price_grid": [1.0, 1.25, 1.5, 1.75, 2.0], "observed_shocks": true, "mu": 1.5, "seed": 42, "n_actions": 5, "fp": "39d6d9b3f997bc14d9b5aa85"}, "Q": {"((2, 2),)": [2.1521859719269987, 8.132650022979615, 7.8608694746698164, 4.286981335076059, 2.896142816975927], "((3, 2),)": [1.4568887990280808, 6.254669035035692, 6.495752481209556, 3.625326018400951, 2.8080133036253048], "((4, 3),)": [0.8262594200092451, 2.5894891342986797, 2.692971031049476, 1.6409780980873159, 1.7491548160286539], "((0, 4),)": [1.0023560879350342, 1.5243552979782347, 2.4345603683240684, 1.3353913888391147, 1.2026946090705584], "((3, 3),)": [1.49693324985482, 3.6772269331117284, 4.680994925475497, 2.6115559890519395, 2.2352162367984225], "((0, 2),)": [1.2547512504040348, 3.708988071355794, 3.8361867896054145, 2.104805513536304, 1.6133058496816002], "((1, 4),)": [1.1426759653381737, 3.5299784817021096, 3.1440949215678486, 2.6674941861618406, 1.6343082865227376], "((3, 4),)": [1.1523625323382065, 3.0187039992153113, 3.532047777917418, 1.7598622353382969, 1.3090733993164798], "((2, 1),)": [2.0325557207916365, 8.101279537223228, 7.965190179147498, 4.183382077135313, 2.523446581967266], "((2, 0),)": [1.2137434884350016, 2.9887508276557635, 3.1235264269289353, 1.4772831831109308, 1.193056310891927], "((3, 1),)": [1.6786085447340833, 6.402740846519701, 6.504414709346534, 3.4742931371558163, 2.697108430427123], "((4, 4),)": [0.9521692794930934, 2.1608554248061425, 1.9569553221881286, 1.142550488934198, 1.32488147379214], "((3, 0),)": [1.2216304109395275, 2.072738662381622, 2.9711416861746485, 2.0234882119842927, 1.5294323641217684], "((0, 3),)": [0.8552231643036177, 2.25962551188943, 2.1095494528974768, 2.203536975771741, 1.8497808020042568], "((1, 1),)": [1.8761767693354758, 43.74073459377593, 11.492420693857655, 4.080398006498989, 2.474818360666093], "((1, 3),)": [1.5375368034351746, 5.077169503935846, 4.7416656771893475, 3.164053328048871, 2.3196534735809147], "((2, 4),)": [1.1559921368923398, 3.5566409966532317, 4.181694426278896, 2.666136503623412, 1.7045531222850272], "((0, 0),)": [0.6126662643973545, 1.640363934769451, 1.79925780104876, 1.076860245586873, 0.7690374874827063], "((2, 3),)": [1.437470467537918, 4.514677760065463, 5.216128232031858, 3.1233455942183936, 2.001480570222699], "((1, 2),)": [1.8788568149839835, 12.40651924784584, 9.523987781420958, 3.8053398725838212, 2.5040222072938363], "((4, 1),)": [1.3741614882617847, 3.839953401124794, 3.4787263963925423, 3.022248564768162, 1.6881704582078059], "((0, 1),)": [1.2083081897974195, 3.4160644643571945, 3.4262431275017646, 1.4913548532353946, 1.8077041627096415], "((4, 0),)": [0.6777505895839293, 2.106775262061067, 1.4815911995696536, 1.426465217987171, 1.1402172785646176], "((1, 0),)": [1.1695092345257534, 2.846476917637079, 3.310833362568564, 1.430506601779697, 1.2533324271021022], "((4, 2),)": [1.354765693278213, 2.771708863070885, 4.608542247164249, 3.0692672833004115, 1.9707662508082167]}}