{"meta": {"n": 2, "c": 1.0, "b": 3.0, "phi": 1.0, "sigma": 0.0, "rho": 0.0, "kappa": 50, "K": 1, "price_grid": [1.0, 1.25, 1.5, 1.75, 2.0], "observed_shocks": true, "mu": 1.5, "seed": 42, "n_actions": 5, "fp": "39d6d9b3f997bc14d9b5aa85"}, "Q": {"((2, 2),)": [2.296201075700093, 6.840891796416853, 5.448090144307551, 3.9725971302829173, 2.324385232189703], "((2, 4),)": [1.0326545363354358, 2.3124629784482242, 1.9930155859649696, 2.0100825776656266, 1.3494702149072686], "((0, 1),)": [0.9052685547805713, 3.6713167610336326, 2.2015062599358775, 2.037016539182081, 1.1610613041072688], "((0, 0),)": [0.7919929802062959, 1.4023184524886, 1.2006921432842763, 1.1284209522740491, 0.9414996767530339], "((0, 4),)": [0.7281034329959217, 0.7543145437945274, 1.766966005185317, 1.62414642829611, 0.7074386100923935], "((2, 3),)": [1.647720907285075, 5.56901567455208, 4.14536911254712, 3.04664264381785, 2.0648742908550126], "((0, 2),)": [1.450151972132274, 2.9128556416219182, 2.915017479680203, 2.590021815169582, 1.6800083838991393], "((4, 0),)": [0.8699233833919147, 1.4140383202414801, 1.755857635526338, 1.343319183970569, 1.0384085343366931], "((1, 0),)": [0.7871667584911949, 2.157102758440287, 2.652116791333074, 2.3246623212935593, 1.4931380695999517], "((1, 1),)": [2.096963835905654, 43.74350718193766, 6.431384518949928, 3.704763750556949, 2.3849805808417854], "((4, 3),)": [0.9083730528740862, 2.8024322391224907, 2.327075894605535, 1.9314629553763716, 1.5011680205493039], "((3, 1),)": [1.3660227914466503, 4.280603995192443, 4.729051572425249, 2.794958714236262, 1.9229405948957556], "((0, 3),)": [1.0954780765865737, 2.357993780431821, 2.295639997109296, 1.4329786506541689, 1.2388509682419968], "((4, 4),)": [0.74401538066532, 1.4192401318596857, 1.7924940784745496, 1.3720998174494978, 0.92924447573861], "((3, 4),)": [0.8784506881587326, 1.939280058085819, 1.8488410992132707, 2.1132602112504286, 1.4301142628215475], "((3, 2),)": [2.205332282481021, 5.258269631136732, 4.052563187104556, 3.2287906755442846, 2.430803008774524], "((1, 3),)": [1.491054911545385, 7.48632717726882, 4.49132923828718, 2.873522475895827, 2.2317782010653104], "((3, 3),)": [1.5102378495044961, 3.8666497132814985, 2.7163031372821815, 2.6048253934094525, 2.0991499440024235], "((2, 0),)": [0.9171208339316527, 2.958590338075033, 2.417646379385448, 2.4456125869406837, 1.1697604983295298], "((2, 1),)": [1.8751374624291373, 7.489880285380464, 4.911687163434648, 3.8955046487331546, 2.244649097294077], "((3, 0),)": [1.0616936498468892, 2.0101955447592856, 2.2068046114776996, 1.918376886358323, 1.3785091622149954], "((1, 2),)": [2.149567455171855, 17.473143678875036, 6.241141896570531, 4.108439871908349, 2.3760572907801834], "((1, 4),)": [1.0612977289652694, 2.2696117076200846, 2.7880621469672056, 1.8019854484129736, 1.782128827824907], "((4, 1),)": [1.285986907951682, 3.1261034186268013, 3.1619591812220933, 2.0635416714686885, 1.7161842087587003], "((4, 2),)": [1.528139291708225, 3.8473620759623066, 3.115858668430964, 2.8014976996534497, 1.4432623674415508]}}