{"meta": {"n": 2, "c": 1.0, "b": 3.0, "phi": 1.0, "sigma": 0.0, "rho": 0.0, "kappa": 50, "K": 1, "price_grid": [1.0, 1.25, 1.5, 1.75, 2.0], "observed_shocks": true, "mu": 1.5, "seed": 42, "n_actions": 5, "fp": "39d6d9b3f997bc14d9b5aa85"}, "Q": {"((2, 2),)": [2.204598621891687, 6.300241834368473, 5.697034877636985, 4.56459525174346, 2.466321990761629], "((2, 4),)": [1.023495815822973, 2.7632964628387167, 3.154859280886691, 1.845645155247853, 1.4324856603242413], "((0, 1),)": [1.3080249688972587, 1.663662849636252, 4.111852270737291, 2.740076748596941, 1.2852882380161643], "((0, 0),)": [0.45415061113574373, 1.1273158353008124, 1.660991217212013, 1.686544112921573, 0.816497786517899], "((0, 4),)": [0.7739393852481665, 1.3982379343708122, 2.2819370466536384, 1.367536113229096, 0.6985453713710906], "((2, 3),)": [2.135661305593358, 5.242193576572395, 5.215160263260967, 3.775122416914743, 1.738079398885175], "((0, 2),)": [1.465161198924954, 3.3141412516174684, 3.448563917318763, 3.575424477772712, 1.1110773128304083], "((4, 0),)": [0.9875497323896061, 1.4740372002910622, 2.2451407990719066, 1.5480528784267118, 0.9225700698400241], "((1, 0),)": [1.0303471445706105, 3.1697618663304263, 3.499434751391293, 2.2301344510409895, 1.0831289657886962], "((1, 1),)": [1.739121351808296, 43.74295124821591, 13.566253611053805, 5.401753638569512, 1.8870139747521133], "((4, 3),)": [1.066830086146567, 2.7545926012498296, 3.431712829999142, 2.2091817517550663, 1.1461282270664102], "((3, 1),)": [1.8616661996239778, 3.1296028366736675, 5.306393947939783, 4.0473795758570965, 1.7339394552810263], "((0, 3),)": [1.3093290227658647, 2.0831665353414888, 2.8582169628147285, 2.387900049555491, 1.4400894412453653], "((4, 4),)": [0.7458462835390451, 1.6692286579573936, 2.2047836347447456, 1.6448398147644911, 0.8754451153328895], "((3, 4),)": [1.1728110488968793, 2.342552920940109, 2.6382412767209145, 2.35884404248083, 1.3549457638524824], "((3, 2),)": [2.2432172059048656, 5.319389583625253, 5.039269067015857, 3.377076741224552, 1.7785719709569814], "((1, 3),)": [2.1136766615082117, 6.052309107316401, 6.131424690805078, 3.5832249375112206, 1.6706049014454254], "((3, 3),)": [1.7308351547717655, 3.6573583315822598, 4.530145387833903, 2.659555736721258, 1.8328623867117597], "((2, 0),)": [1.5824526930604526, 1.9035702430818113, 3.968902826749349, 2.5939842335502945, 1.0988411849136603], "((2, 1),)": [2.183657194576808, 6.329532737258338, 6.057200905328421, 4.127283393435802, 1.6572907011279625], "((3, 0),)": [0.9839728785720371, 2.654292092318029, 3.1526609332465565, 1.7970041115766404, 1.213585501099644], "((1, 2),)": [1.7714508378170464, 14.751056430626493, 9.11680748207039, 5.330642563726503, 2.4119648756291774], "((1, 4),)": [1.1681591616476101, 2.225906858993997, 3.756558073835756, 2.4772707057176397, 1.3989406803895177], "((4, 1),)": [0.9812681335211721, 3.2838768242812213, 4.24151070623046, 2.3795357293249246, 1.4388033193960499], "((4, 2),)": [1.889009284136793, 3.2789639169853912, 4.509226997977495, 3.2216851229350003, 1.2335873332774143]}}