{"meta": {"n": 2, "c": 1.0, "b": 3.0, "phi": 1.0, "sigma": 0.0, "rho": 0.0, "kappa": 50, "K": 1, "price_grid": [1.0, 1.25, 1.5, 1.75, 2.0], "observed_shocks": true, "mu": 1.5, "seed": 42, "n_actions": 5, "fp": "39d6d9b3f997bc14d9b5aa85"}, "Q": {"((2, 2),)": [2.044731570512543, 8.482262285994919, 6.775511621301891, 4.770269147317021, 2.879898686433066], "((3, 2),)": [2.049090933265324, 5.51431853835141, 5.375551050225631, 4.2525270968337745, 2.3700434493221323], "((4, 3),)": [1.1459691738442686, 2.2263518700404172, 1.9247263115787825, 2.351294820937738, 1.4268767948736685], "((0, 4),)": [0.8108048620845485, 1.6115969328328832, 1.962804412075342, 1.655337188742145, 0.9683486915606562], "((3, 3),)": [1.3121154664803532, 3.2547208286947464, 3.9068142448768914, 2.9572716669045453, 1.8573417906195127], "((0, 2),)": [1.285965789408086, 3.36634693773588, 2.7833752180478992, 2.7642349630183514, 1.1762234490162418], "((1, 4),)": [1.3857453602185659, 3.0909694101825287, 2.9442600765970326, 2.452402021693512, 1.8067352500165768], "((3, 4),)": [1.2599961105687907, 2.340355876103449, 3.09817842219568, 2.220074799173674, 1.2875586987770584], "((2, 1),)": [2.0928201172939107, 8.538889110060772, 6.688516536071202, 4.831644307016611, 2.2234014287404915], "((2, 0),)": [1.0908136555304804, 2.204120772209261, 2.706922486709464, 1.9276850372804522, 1.4054519167574286], "((3, 1),)": [1.8235600335948177, 5.829930377011554, 5.392267330758573, 4.097374383247185, 2.113410993170894], "((4, 4),)": [0.8508193332912652, 1.7837601257110227, 1.7027763173306938, 1.8665058531481686, 0.75668667305485], "((3, 0),)": [0.9560662158026405, 1.6438093573202424, 2.372225900978072, 2.4027780914572516, 1.1942538160753389], "((0, 3),)": [1.003924849812647, 1.9218547099299215, 2.537032888092334, 2.196563735900652, 0.9653393310397521], "((1, 1),)": [1.7545867656740146, 43.74119057209488, 7.947782365137431, 4.700219041414722, 2.3184075299042703], "((1, 3),)": [1.698200963154023, 3.7070469514059963, 4.200293066253794, 3.435112634179854, 1.4958382198684463], "((2, 4),)": [1.2417533690230158, 2.330393058230897, 3.737115086853577, 2.8736022921782673, 1.4541375774811969], "((0, 0),)": [0.6343035405075306, 1.4346612541263852, 1.4591504850027495, 1.3336925438571847, 0.6941153902903597], "((2, 3),)": [1.583612909220074, 4.085768685676692, 3.940486525818705, 3.580541620498184, 2.008410535729437], "((1, 2),)": [1.991615392819828, 14.23896821688643, 7.395228743581269, 4.637100080230463, 2.3712282164230705], "((4, 1),)": [1.4260725832523238, 3.707560982148266, 2.8909435161659998, 2.4956873767543573, 1.5320923500450798], "((0, 1),)": [1.0249313136004574, 2.549481713669958, 2.993799092830873, 2.420301132977124, 1.2593337947132397], "((4, 0),)": [0.6569062840554813, 1.4907441038221103, 1.821524749761278, 1.6799384725672166, 0.7450891412649423], "((1, 0),)": [0.9524717941460794, 2.0599929423727206, 1.7689947272092572, 2.684730652337459, 1.522727443121331], "((4, 2),)": [1.0570390149147175, 3.1754409222259334, 3.5954318001032677, 3.087074299781322, 1.4370446932532426]}}