{"meta": {"n": 2, "c": 1.0, "b": 3.0, "phi": 1.0, "sigma": 0.0, "rho": 0.0, "kappa": 50, "K": 1, "price_grid": [1.0, 1.25, 1.5, 1.75, 2.0], "observed_shocks": true, "mu": 1.5, "seed": 42, "n_actions": 5, "fp": "39d6d9b3f997bc14d9b5aa85"}, "Q": {"((2, 2),)": [1.642969753702582, 7.6237283694366855, 7.531169229164181, 4.413363399452035, 2.006102530742705], "((4, 2),)": [0.8444722998968595, 2.250839815860636, 3.600942696091642, 1.7126815891970797, 0.8994173262934692], "((3, 0),)": [0.9535214034186685, 2.546654095120249, 3.26161126423992, 2.28163233647278, 0.9013143679413892], "((4, 4),)": [0.8432401504941103, 1.6231497403938164, 2.379829842130219, 1.5904334772779736, 1.160364009357052], "((0, 3),)": [0.7501944269855321, 1.4310567403516026, 2.60241392542646, 1.8886187250319857, 1.2208472481171666], "((1, 0),)": [1.1906929851037666, 3.1413354543832397, 3.6285917252321793, 2.6139645943065886, 1.680839766066205], "((4, 0),)": [0.46626072367440974, 1.448289241400594, 2.284980872184058, 1.766251331377702, 0.5869684053545242], "((0, 4),)": [0.7573163524217104, 1.9183901884093628, 1.0237062880428862, 1.631656051622172, 1.1511739621263364], "((1, 4),)": [0.7653055381449362, 1.6664581714616344, 4.685915140530395, 2.1333897401555912, 1.2149261661692727], "((2, 0),)": [1.2147319287576777, 2.54080850258329, 6.007063183886263, 2.8143368661499886, 1.2034275422342353], "((3, 3),)": [1.1163467854079308, 2.971742289441274, 4.4669686566534965, 2.4515705285485736, 1.3962447291412448], "((3, 1),)": [1.187413513901916, 2.6627635040894284, 5.643073833195516, 2.840967453264871, 1.4199593811327058], "((3, 2),)": [1.1636950495731844, 4.246305254548981, 4.539816355753414, 2.6802774249343235, 1.6965415590824582], "((0, 2),)": [1.0449241070402486, 2.5514406104126435, 1.7997829625188537, 2.2758032822601466, 1.2592993950206368], "((4, 3),)": [1.3004654738848203, 1.6682222304836143, 2.40515775000654, 2.0178005675692137, 1.3483606945607904], "((0, 1),)": [0.9943395010068726, 1.7024534212621942, 3.1633592904071675, 1.5981283236008432, 0.8476361915103638], "((1, 3),)": [1.3143851508276791, 3.7149392185727907, 6.231804451609926, 2.3290664489150164, 1.4502479169779352], "((4, 1),)": [0.9911265791948136, 2.644364687536078, 1.926523417340482, 1.982397852752249, 1.0287052299292097], "((1, 2),)": [1.2981553545605733, 4.038500197427609, 7.421859590672538, 3.4931035489287563, 1.4027382938464976], "((2, 4),)": [1.1791269080861582, 3.764139791870564, 6.031514734577278, 2.852468751372868, 1.366778271112015], "((3, 4),)": [0.5903337253919999, 2.2258355363584923, 4.128393237487718, 1.7552308436139994, 0.9738163481004452], "((2, 1),)": [1.7378343655210382, 21.468957642352393, 21.357880218151184, 3.603151001720606, 1.6679943734074556], "((0, 0),)": [0.4065718954170301, 1.1518065968572466, 2.0254574193199986, 1.343786286506408, 0.6965378216765699], "((1, 1),)": [1.3462454662183794, 4.9187175089451, 21.3593686710976, 3.148235130275072, 1.4263976661016227], "((2, 3),)": [1.1390279685747804, 4.993500768626786, 6.601000398257868, 3.717323485100867, 1.928767762754462]}}