{"meta": {"n": 2, "c": 1.0, "b": 3.0, "phi": 1.0, "sigma": 0.0, "rho": 0.0, "kappa": 50, "K": 1, "price_grid": [1.0, 1.25, 1.5, 1.75, 2.0], "observed_shocks": true, "mu": 1.5, "seed": 42, "n_actions": 5, "fp": "39d6d9b3f997bc14d9b5aa85"}, "Q": {"((2, 2),)": [1.8859499491042044, 7.408611318310707, 7.339567192101722, 3.8756097324483143, 2.4498445346240505], "((4, 4),)": [0.460117243760176, 1.5405382939196235, 2.225366800957199, 1.8536607389912678, 0.4852754084066815], "((3, 3),)": [1.236937177872516, 3.074485444173703, 3.7185170352077592, 2.940740056693314, 1.75044001312125], "((0, 1),)": [1.253877349037986, 2.617983693795356, 3.18824113177764, 1.6286777230528686, 1.2006644173879903], "((2, 4),)": [1.4014628064369579, 2.5828081848937234, 4.963703099431563, 2.807823407801296, 1.8472818257760377], "((1, 1),)": [1.3307751011214233, 43.743498395864194, 12.09182523092715, 3.403107484537048, 2.3643408721258994], "((0, 0),)": [0.5188152854742829, 1.5235173687907688, 0.9635524074091989, 0.832999913137541, 0.9988542583841118], "((1, 0),)": [0.919024956585247, 1.885762747447886, 3.89557189923971, 1.4317235701812168, 1.035129339804202], "((3, 4),)": [1.2687171175485825, 2.6184918240389767, 3.216192434353498, 1.3919180785640946, 1.2674451455422862], "((1, 4),)": [1.2956653631447024, 3.3648570567790546, 4.59352892179526, 1.9600947716860704, 1.247917945605707], "((4, 2),)": [0.9932303934344205, 2.7976076400558796, 3.9093764918587945, 2.0739986673029978, 1.3358562181131555], "((0, 3),)": [0.9833305668746873, 1.999098482131192, 1.780925290428534, 1.600137716062537, 1.2982551779730251], "((1, 2),)": [1.7259236561321885, 7.8011533144900405, 7.496238345866619, 3.567432454538393, 2.257470974233233], "((2, 0),)": [1.0491306303741208, 2.1403818030194017, 3.6447086454148967, 1.8798063594315402, 1.3060385827984415], "((2, 3),)": [1.7455006493957952, 5.108926302617612, 5.4472796938493, 2.9127332464723503, 2.0572208845716724], "((3, 2),)": [1.4087261548223622, 4.760495656485039, 4.367604296430786, 2.4905314600896253, 1.8213448253515596], "((4, 1),)": [1.2778346887021763, 1.274807126310606, 3.647818124716713, 2.237290462067026, 1.2598363186839072], "((4, 3),)": [0.9339953703111892, 2.513423414282561, 2.884497042816704, 1.5398512482945175, 1.0155784289615302], "((4, 0),)": [0.5839810339954605, 1.663925061067247, 1.7341850436344461, 1.9087981484388703, 0.5157486036365876], "((1, 3),)": [1.4152302078751868, 5.4083661249448705, 5.011978322838729, 2.949737361008968, 1.8544734515632049], "((2, 1),)": [2.2472190708745017, 13.05199379339309, 9.760239523082571, 3.816345694701485, 2.3942423722622728], "((0, 4),)": [0.6587256821405402, 1.8081708828336014, 2.1947262032978405, 1.4897488527140474, 1.22352147134378], "((3, 0),)": [1.0814652313506332, 2.1710522615983763, 1.934007336487474, 2.224265654566649, 0.9024829288575191], "((0, 2),)": [0.9713127236616428, 2.221734757171229, 3.3327012588729383, 2.448170237697001, 1.4532639401464107], "((3, 1),)": [1.5372032402090618, 4.357691349514461, 4.986495063379639, 2.681651635408366, 1.7452064261105171]}}