{"meta": {"n": 2, "c": 1.0, "b": 3.0, "phi": 1.0, "sigma": 0.0, "rho": 0.0, "kappa": 50, "K": 1, "price_grid": [1.0, 1.25, 1.5, 1.75, 2.0], "observed_shocks": true, "mu": 1.5, "seed": 42, "n_actions": 5, "fp": "39d6d9b3f997bc14d9b5aa85"}, "Q": {"((2, 2),)": [2.771984143682982, 8.471530710787459, 6.013484158170514, 3.7787806208984227, 2.8881894183879555], "((4, 2),)": [1.339778978884254, 1.6621973745668677, 2.291954498663413, 1.6705488125113845, 1.0089511411383016], "((3, 0),)": [0.9600505714588615, 1.5023947361440773, 2.2277021683308806, 1.8148892566692953, 1.309041004936546], "((4, 4),)": [0.9039689353527469, 1.5988287994505017, 1.5697523990593054, 1.3910729273059113, 0.9154828240088948], "((0, 3),)": [0.886120183207493, 1.395643353131059, 1.771786376565547, 1.746408263409455, 1.091382708064377], "((1, 0),)": [1.0381850356650968, 1.8198967996158668, 2.556855354661106, 2.279786777827967, 1.5198660673496838], "((4, 0),)": [0.683758452830346, 1.290558361941629, 1.5723374910844792, 1.3445902656493118, 0.9942030464562691], "((0, 4),)": [0.7249140220942591, 1.413009705800383, 1.2234244977164885, 1.1370882823443709, 1.0641300738754553], "((1, 4),)": [1.1454113956034637, 2.647671342881401, 2.461846969562745, 2.0899154565431126, 1.3382655288147176], "((2, 0),)": [1.313192928330667, 2.9129035071988563, 4.1396772510374005, 2.4642911525607354, 1.8363776109055712], "((3, 3),)": [1.1721177587290923, 2.5040376600885756, 2.8756353017164984, 2.063543716079927, 1.5167033235495448], "((3, 1),)": [1.1074322161503558, 3.8390580183374823, 3.240280862055143, 2.439036906795195, 1.3400188501990715], "((3, 2),)": [1.8710124354408295, 2.9522422398743244, 2.551230009140709, 2.4530599504732846, 1.7093535429331923], "((0, 2),)": [0.9814179818185453, 1.4310800476378835, 1.5145095429423867, 2.0169610424274618, 1.0580268753965654], "((4, 3),)": [1.1269269272810571, 1.6259295609952507, 1.7533282640282775, 1.750396953207171, 1.0000530556124323], "((0, 1),)": [0.8393905163013591, 1.8616284475893947, 1.8005258179671333, 1.5378130399334635, 1.0669769573958816], "((1, 3),)": [1.3554751846260966, 3.064951620993532, 4.4699687574240405, 2.5007790242472088, 1.8687821504863698], "((4, 1),)": [0.7738799676431243, 1.7433394184789484, 1.4832717782464464, 1.7090204515739458, 0.9823698524127256], "((1, 2),)": [1.9412364714124708, 6.967219323793281, 5.943404883460646, 2.907072500192281, 2.020161114585313], "((2, 4),)": [1.639227606246836, 3.3345379932517054, 4.120079373362244, 2.4659026207366903, 1.4347802041851083], "((3, 4),)": [1.12371905414077, 1.6984452396809189, 2.6706598869447107, 1.8733093988090848, 1.146582570430329], "((2, 1),)": [2.887428766907505, 66.63363406879701, 6.633514257936729, 3.4350064918651166, 2.5883039402398333], "((0, 0),)": [0.7188462398110174, 1.5699658488181285, 1.4073290570576438, 0.9177111114661002, 0.5632263477023343], "((1, 1),)": [1.7320017584434337, 66.69690745993272, 7.3142741710502746, 2.9813336510963295, 1.7271534481654618], "((2, 3),)": [1.909914054006367, 4.714986214866102, 4.386556836180754, 3.371151159209379, 2.3187601605218857]}}