{
  "meta": {
    "n": 3,
    "K": 2,
    "price_grid": [
      1.4,
      1.6,
      1.8,
      2.0,
      2.2,
      2.6,
      3.0
    ],
    "c": 1.0,
    "b": 3.0,
    "sigma": 0.08,
    "rho": 0.0,
    "kappa": 0.0
  },
  "theta_bar": 0.010506083089439691,
  "t": [
    0,
    1,
    2,
    3,
    4,
    5,
    6,
    7,
    8,
    9,
    10,
    11,
    12,
    13,
    14,
    15
  ],
  "p_dev": [
    2.1750000000000007,
    1.925,
    1.8416666666666661,
    2.158333333333333,
    2.1833333333333336,
    2.108333333333333,
    2.2916666666666665,
    2.15,
    2.1083333333333334,
    1.8083333333333333,
    2.2583333333333333,
    2.0083333333333333,
    2.108333333333333,
    2.191666666666667,
    2.083333333333333,
    2.1666666666666665
  ],
  "p_riv": [
    2.4625000000000004,
    2.4625000000000004,
    1.9124999999999996,
    2.1083333333333334,
    2.1708333333333334,
    2.083333333333333,
    2.225,
    2.145833333333333,
    2.0916666666666663,
    1.9666666666666666,
    2.0166666666666666,
    2.058333333333333,
    2.208333333333333,
    2.125,
    2.0999999999999996,
    2.1583333333333337
  ],
  "p_dev_smooth": [
    2.1750000000000007,
    1.925,
    1.9472222222222217,
    2.061111111111111,
    2.15,
    2.194444444444444,
    2.183333333333333,
    2.183333333333333,
    2.022222222222222,
    2.058333333333333,
    2.025,
    2.1249999999999996,
    2.1027777777777774,
    2.1277777777777773,
    2.147222222222222,
    2.138888888888889
  ],
  "p_riv_smooth": [
    2.4625000000000004,
    2.4625000000000004,
    1.9777777777777774,
    2.0638888888888887,
    2.120833333333333,
    2.159722222222222,
    2.1513888888888886,
    2.1541666666666663,
    2.068055555555555,
    2.025,
    2.0138888888888884,
    2.094444444444444,
    2.1305555555555555,
    2.144444444444444,
    2.1277777777777773,
    2.138888888888889
  ],
  "p_ne": 2.6,
  "p_mon": 2.0,
  "p_long_run": 2.3666666666666667,
  "benchmarks": "symmetric"
}