{
  "meta": {
    "n": 2,
    "K": 2,
    "price_grid": [
      1.4,
      1.6,
      1.8,
      2.0,
      2.2,
      2.6,
      3.0
    ],
    "c": 1.0,
    "b": 3.0,
    "sigma": 0.08,
    "rho": 0.0,
    "kappa": 0.0
  },
  "theta_bar": 0.010506083089439691,
  "t": [
    0,
    1,
    2,
    3,
    4,
    5,
    6,
    7,
    8,
    9,
    10,
    11,
    12,
    13,
    14,
    15
  ],
  "p_dev": [
    2.6583333333333337,
    2.308333333333334,
    2.5833333333333335,
    2.483333333333334,
    2.6083333333333334,
    2.6000000000000005,
    2.5500000000000003,
    2.6500000000000004,
    2.641666666666667,
    2.741666666666667,
    2.391666666666667,
    2.5666666666666673,
    2.7916666666666665,
    2.616666666666667,
    2.6000000000000005,
    2.483333333333334
  ],
  "p_riv": [
    2.6250000000000004,
    2.6250000000000004,
    2.6250000000000004,
    2.5083333333333337,
    2.616666666666667,
    2.4083333333333337,
    2.5500000000000003,
    2.5500000000000003,
    2.5333333333333337,
    2.458333333333333,
    2.6333333333333333,
    2.7000000000000006,
    2.3916666666666666,
    2.650000000000001,
    2.691666666666667,
    2.541666666666667
  ],
  "p_dev_smooth": [
    2.6583333333333337,
    2.308333333333334,
    2.5500000000000003,
    2.5583333333333336,
    2.563888888888889,
    2.5861111111111112,
    2.6,
    2.613888888888889,
    2.677777777777778,
    2.5916666666666672,
    2.566666666666667,
    2.5833333333333335,
    2.6583333333333337,
    2.6694444444444447,
    2.566666666666667,
    2.5222222222222226
  ],
  "p_riv_smooth": [
    2.6250000000000004,
    2.6250000000000004,
    2.5861111111111112,
    2.5833333333333335,
    2.5111111111111115,
    2.5250000000000004,
    2.5027777777777778,
    2.5444444444444447,
    2.513888888888889,
    2.5416666666666665,
    2.5972222222222223,
    2.575,
    2.5805555555555557,
    2.577777777777778,
    2.6277777777777778,
    2.591666666666667
  ],
  "p_ne": 2.6,
  "p_mon": 2.0,
  "p_long_run": 2.641666666666667,
  "benchmarks": "symmetric"
}