{
  "meta": {
    "n": 3,
    "K": 1,
    "price_grid": [
      1.4,
      1.6,
      1.8,
      2.0,
      2.2,
      2.6,
      3.0
    ],
    "c": 1.0,
    "b": 3.0,
    "sigma": 0.08,
    "rho": 0.0,
    "kappa": 0.0
  },
  "theta_bar": 0.010506083089439691,
  "t": [
    0,
    1,
    2,
    3,
    4,
    5,
    6,
    7,
    8,
    9,
    10,
    11,
    12,
    13,
    14,
    15
  ],
  "p_dev": [
    2.8833333333333333,
    2.500000000000001,
    2.9500000000000006,
    2.933333333333333,
    2.9,
    2.9166666666666665,
    2.9,
    2.933333333333333,
    2.8833333333333333,
    2.933333333333333,
    2.9,
    2.9166666666666665,
    2.9,
    2.933333333333333,
    2.8833333333333333,
    2.933333333333333
  ],
  "p_riv": [
    2.795833333333333,
    2.795833333333333,
    2.883333333333333,
    2.7916666666666665,
    2.8249999999999993,
    2.795833333333333,
    2.7916666666666665,
    2.7874999999999996,
    2.808333333333333,
    2.7791666666666663,
    2.7999999999999994,
    2.795833333333333,
    2.7916666666666665,
    2.7874999999999996,
    2.808333333333333,
    2.7791666666666663
  ],
  "p_dev_smooth": [
    2.8833333333333333,
    2.500000000000001,
    2.9444444444444446,
    2.927777777777778,
    2.9166666666666665,
    2.9055555555555554,
    2.9166666666666665,
    2.9055555555555554,
    2.9166666666666665,
    2.9055555555555554,
    2.9166666666666665,
    2.9055555555555554,
    2.9166666666666665,
    2.9055555555555554,
    2.9166666666666665,
    2.9166666666666665
  ],
  "p_riv_smooth": [
    2.795833333333333,
    2.795833333333333,
    2.8527777777777774,
    2.8333333333333326,
    2.8041666666666663,
    2.8041666666666663,
    2.791666666666666,
    2.795833333333333,
    2.791666666666666,
    2.795833333333333,
    2.791666666666666,
    2.795833333333333,
    2.791666666666666,
    2.795833333333333,
    2.791666666666666,
    2.7888888888888888
  ],
  "p_ne": 2.6,
  "p_mon": 2.0,
  "p_long_run": 2.8249999999999997,
  "benchmarks": "symmetric"
}