{
  "meta": {
    "n": 2,
    "K": 1,
    "price_grid": [
      1.4,
      1.6,
      1.8,
      2.0,
      2.2,
      2.6,
      3.0
    ],
    "c": 1.0,
    "b": 3.0,
    "sigma": 0.08,
    "rho": 0.0,
    "kappa": 0.0
  },
  "theta_bar": 0.010506083089439691,
  "t": [
    0,
    1,
    2,
    3,
    4,
    5,
    6,
    7,
    8,
    9,
    10,
    11,
    12,
    13,
    14,
    15
  ],
  "p_dev": [
    2.6750000000000007,
    2.333333333333334,
    2.733333333333334,
    2.6083333333333334,
    2.6833333333333336,
    2.6083333333333334,
    2.6833333333333336,
    2.6083333333333334,
    2.6833333333333336,
    2.6083333333333334,
    2.6833333333333336,
    2.6083333333333334,
    2.6833333333333336,
    2.6083333333333334,
    2.6833333333333336,
    2.6083333333333334
  ],
  "p_riv": [
    2.5416666666666674,
    2.5416666666666674,
    2.733333333333334,
    2.5916666666666672,
    2.5750000000000006,
    2.5833333333333344,
    2.558333333333334,
    2.5833333333333344,
    2.558333333333334,
    2.5833333333333344,
    2.558333333333334,
    2.5833333333333344,
    2.558333333333334,
    2.5833333333333344,
    2.558333333333334,
    2.5833333333333344
  ],
  "p_dev_smooth": [
    2.6750000000000007,
    2.333333333333334,
    2.691666666666667,
    2.6750000000000003,
    2.6333333333333333,
    2.658333333333333,
    2.6333333333333333,
    2.658333333333333,
    2.6333333333333333,
    2.658333333333333,
    2.6333333333333333,
    2.658333333333333,
    2.6333333333333333,
    2.658333333333333,
    2.6333333333333333,
    2.6333333333333333
  ],
  "p_riv_smooth": [
    2.5416666666666674,
    2.5416666666666674,
    2.6861111111111113,
    2.6333333333333337,
    2.583333333333334,
    2.572222222222223,
    2.5750000000000006,
    2.5666666666666673,
    2.5750000000000006,
    2.5666666666666673,
    2.5750000000000006,
    2.5666666666666673,
    2.5750000000000006,
    2.5666666666666673,
    2.5750000000000006,
    2.575000000000001
  ],
  "p_ne": 2.6,
  "p_mon": 2.0,
  "p_long_run": 2.6083333333333334,
  "benchmarks": "symmetric"
}