{"meta": {"n": 2, "c": 1.0, "b": 3.0, "phi": 1.0, "sigma": 0.0, "rho": 0.0, "kappa": 0, "K": 1, "price_grid": [1.0, 1.25, 1.5, 1.75, 2.0], "observed_shocks": true, "mu": 1.5, "seed": 42, "n_actions": 5, "fp": "3c127dc3cd94cfb6dd77cfca"}, "Q": {"((2, 2),)": [0.8621313862028573, 1.045647574659675, 1.6300980603868152, 1.7831980432495926, 2.3832655731584382], "((2, 4),)": [0.9474674733282723, 1.124978494986849, 2.3153694721059894, 3.032287316601802, 3.0377116349541633], "((0, 1),)": [0.3319862453704802, 0.2866086414940153, 0.9388370420369946, 0.9953035779738132, 0.5933936281657698], "((0, 0),)": [0.2860042516985144, 0.22114172583972574, 0.7814991877528384, 0.5560568950465477, 0.8237353964123301], "((0, 4),)": [0.6102793002190324, 0.6382676718755187, 0.5960711145642709, 1.835484224847691, 1.522980682703935], "((2, 3),)": [0.5133919251819343, 1.2239801539082777, 1.0969060645985333, 2.0643211221199, 2.646144857353601], "((0, 2),)": [0.4159533566130469, 0.5509602528115145, 1.0582873225705391, 0.9601892763965924, 1.0416741623946402], "((4, 0),)": [0.8354656102689144, 0.7114758797707329, 1.5120121554795083, 2.436834558136377, 2.6565140960043223], "((1, 0),)": [0.24022900589138424, 0.33156042303369915, 0.8005871797611207, 1.0095589527685247, 1.6000880954117513], "((1, 1),)": [0.6031555094598195, 0.2949967318743671, 0.4089097791085972, 0.9976077610895473, 1.667960597163546], "((4, 3),)": [1.2377518162486438, 1.8068515755865135, 4.231038884525672, 12.470705510254032, 14.287067533246214], "((3, 1),)": [0.2923311182370769, 0.6332363544313809, 1.0454182185595429, 1.1076558975377415, 2.05657216880084], "((0, 3),)": [0.5227660081565058, 0.6226612020278999, 0.43996199503239375, 1.7362325340215443, 1.1079205118398634], "((4, 4),)": [1.0972306999173602, 1.92752649728923, 11.34602453771559, 13.541317799273571, 99.99822008899689], "((3, 4),)": [0.9609434268504677, 1.2148174501340523, 1.481398303673795, 2.4903399828940738, 3.5504168524755024], "((3, 2),)": [0.28810185831870394, 0.6743193917171199, 1.5600417798105548, 1.4261717701380883, 2.480453395717282], "((1, 3),)": [0.5208408312654913, 0.8780886787028693, 1.807965391425338, 1.6397525454710804, 1.8126982403868972], "((3, 3),)": [0.8554695619950513, 0.8379186982255029, 1.5767618018158711, 2.2662350153982853, 3.02779120654965], "((2, 0),)": [0.5051751451506233, 0.732640559595682, 1.4167185412087098, 1.503896675524406, 1.1401418497657814], "((2, 1),)": [0.4044818294988359, 0.6039788886339685, 1.0212721081353986, 1.0656730289401186, 1.924444458316216], "((3, 0),)": [0.5622945544378808, 0.547437967395985, 1.1054785034805348, 1.51472412266829, 1.4474175988958016], "((1, 2),)": [0.6680317119769323, 0.64193483776745, 0.7969671976250441, 0.925941107405572, 1.9298113151732785], "((1, 4),)": [0.7400801366508561, 0.8686026310117194, 1.7840175735392905, 2.1204955393094753, 2.3563639788987127], "((4, 1),)": [0.9320192803363924, 0.3333997332991796, 1.894500248305322, 2.5321621928769735, 2.994908776953156], "((4, 2),)": [0.9722960163367848, 0.9010313615738149, 4.853965268995501, 4.464941488089747, 12.342916718364592]}}