{"meta": {"n": 2, "c": 1.0, "b": 3.0, "phi": 1.0, "sigma": 0.0, "rho": 0.0, "kappa": 0, "K": 1, "price_grid": [1.0, 1.25, 1.5, 1.75, 2.0], "observed_shocks": true, "mu": 1.5, "seed": 42, "n_actions": 5, "fp": "3c127dc3cd94cfb6dd77cfca"}, "Q": {"((2, 2),)": [0.8053603198641279, 1.0145626682054303, 0.9900528351751874, 1.3903126243149002, 1.9356840158617739], "((4, 4),)": [1.1919096998694703, 2.739245120691059, 2.6877111381204406, 3.1522178095048146, 99.99884351332526], "((3, 3),)": [1.0447555759718743, 0.9764185298207587, 1.8038284945447152, 2.265168430995346, 3.1503088778267183], "((0, 1),)": [0.42377496505484225, 0.6558235850322242, 0.619061441490166, 1.1917440456327941, 1.4811107711160993], "((2, 4),)": [0.9900374312707357, 1.2005503485915745, 2.162078422686272, 2.2475806366646913, 4.960215739885812], "((1, 1),)": [0.36891318947530255, 0.7577359875988681, 0.5940228156962449, 1.1792760490135188, 1.835925612732188], "((0, 0),)": [0.2002914581210279, 0.5237100456283668, 0.6615086350386612, 0.9909209977819515, 1.077663739222488], "((1, 0),)": [0.3489363794120179, 0.6092992724240635, 0.6296727348651315, 0.9111668744926691, 1.6380659225334806], "((3, 4),)": [1.1911264165161866, 1.9353460828170157, 2.4892050684951537, 2.2739340725894976, 6.857348235992295], "((1, 4),)": [0.6654654911492343, 1.4152148668301203, 1.3981752399024172, 1.3487750027975172, 4.271557205857304], "((4, 2),)": [0.4952029263369476, 1.281615618182212, 1.7557988966272522, 2.3677272193805856, 4.199501362097896], "((0, 3),)": [0.34042659148251675, 0.4555761660990155, 0.8262493888474864, 0.8033563183942585, 1.2575712408852562], "((1, 2),)": [0.41150192873185576, 0.8609249829874623, 0.9491252125200363, 0.8628363657642507, 1.8791853287999603], "((2, 0),)": [0.28063018944395746, 0.33242662737529277, 0.7960193204364105, 1.3303113828891333, 1.2563973533684052], "((2, 3),)": [0.4096324625465312, 0.9835962130248737, 1.1534400384424108, 1.8768509842092291, 2.8869642382191136], "((3, 2),)": [0.5287179462526879, 1.0888526497790196, 1.4166738130499958, 2.084763835883796, 3.328824698955766], "((4, 1),)": [0.23938450124178473, 0.8883876420492859, 1.547181511115176, 1.1326155986750603, 3.6341318023090943], "((4, 3),)": [0.628847882298833, 1.620734727891859, 1.9827619432525745, 2.1039712476414687, 4.516817360758327], "((4, 0),)": [0.3788188611083291, 1.216479697378248, 1.008732452426917, 0.6979125855814766, 2.8356346107159083], "((1, 3),)": [0.5345497356529275, 0.6584608676834416, 1.128726834442405, 1.4275030659033727, 2.581745776145915], "((2, 1),)": [0.4948092241214329, 0.7538472126614959, 0.8952924683004186, 0.9865356861684371, 2.2154156046574736], "((0, 4),)": [0.5223354816276761, 1.5067873712909887, 1.502649015882305, 1.597213379110634, 1.945166990933934], "((3, 0),)": [0.42948047458079225, 0.6275313554845461, 0.6472029744356711, 1.3999577957625093, 2.117978998217522], "((0, 2),)": [0.3653026338794606, 0.41012098685925014, 0.7712329595775477, 0.9449250276567217, 1.7218987103050067], "((3, 1),)": [0.4116990663997685, 0.9930740440066864, 1.580904472063181, 2.150416885245782, 2.664523698931468]}}