{"meta": {"n": 2, "c": 1.0, "b": 3.0, "phi": 1.0, "sigma": 0.0, "rho": 0.0, "kappa": 0, "K": 1, "price_grid": [1.0, 1.25, 1.5, 1.75, 2.0], "observed_shocks": true, "mu": 1.5, "seed": 42, "n_actions": 5, "fp": "3c127dc3cd94cfb6dd77cfca"}, "Q": {"((2, 2),)": [0.6764495364666585, 0.7080162581309424, 1.514268425989241, 1.9188360578174575, 2.7664427739208186], "((3, 2),)": [1.0342045578354109, 1.2161527034986181, 2.4217841613628748, 3.086671194704208, 3.878500202449243], "((4, 3),)": [0.8861360043316339, 1.1478749287465062, 2.91785204639127, 5.684659876420241, 7.180607579073504], "((0, 4),)": [0.6865681143018216, 0.5882881163342969, 1.4295268326661323, 2.315397368470217, 3.254492800034562], "((3, 3),)": [1.0090110864168946, 1.2908975801897065, 2.990959042919322, 3.75523182991926, 7.1555692242682], "((0, 2),)": [0.42211112138981666, 0.9147959865920228, 1.0125013019573723, 1.754276444235455, 1.3262526917874542], "((1, 4),)": [0.6479543485751987, 1.0568321582251283, 1.62607367061896, 2.0914799026247546, 3.5302275487854544], "((3, 4),)": [1.2025958844453826, 1.2427187567773537, 3.401514518996084, 5.974817700304509, 115.89827076787384], "((2, 1),)": [0.4791435897107581, 0.7062809905521912, 1.3744074355071851, 1.6232648093780875, 1.373344322182752], "((2, 0),)": [0.5293193742785198, 0.509748088091735, 0.460231498615875, 1.090612071704088, 1.959144743302357], "((3, 1),)": [0.9433628726133148, 1.018276336885874, 1.2577224222270535, 1.7980157359843154, 3.1571965844687453], "((4, 4),)": [1.0882383148663621, 2.2062394984903024, 3.7472658405684416, 6.411807731744813, 115.93719522825198], "((3, 0),)": [0.5214621229761794, 0.7766843290852512, 1.1200891590504398, 1.9093398080177932, 2.061380924805972], "((0, 3),)": [0.5554686601934373, 0.7429836554114385, 1.1165795025476424, 1.8393810434115534, 2.177894438723264], "((1, 1),)": [0.6948919693579463, 0.9243346648894822, 0.9134110388691522, 1.0212589095939328, 1.190854245076376], "((1, 3),)": [0.4976672903526303, 1.0202156156630275, 0.9836121429255857, 1.5014834429487998, 2.9075293323532057], "((2, 4),)": [0.6417280631571409, 0.8740100672708794, 2.3569804080988526, 2.4288131028780713, 3.7127523105404814], "((1, 0),)": [0.5492123244137816, 0.8559328242096134, 0.6874185830191958, 1.0455021735476286, 1.3648793472083167], "((0, 0),)": [0.29284840783611626, 0.4855407116997251, 0.7395522802836005, 1.3191466240420922, 1.286824241750288], "((2, 3),)": [0.9013165739132247, 1.5055605609024152, 1.805708979157986, 2.920884483633949, 2.930281207645405], "((1, 2),)": [0.540147291332814, 1.2905176579545414, 0.5800398735875245, 1.418214478949606, 2.2691220377843346], "((4, 1),)": [0.8517909658561731, 1.399437058431469, 1.6677856667251059, 2.193826314773965, 2.9690763056464577], "((0, 1),)": [0.346226091704997, 0.23023860126416207, 1.0107250179411258, 0.9879564214963052, 1.3845549994294406], "((4, 0),)": [0.28577539340914276, 0.9238407260007279, 0.8798170550888318, 2.2562610645558405, 3.038918342805808], "((4, 2),)": [0.595773245507719, 1.5448147750950836, 2.144803504609251, 2.7079183690364803, 4.971021103172435]}}