{"meta": {"n": 2, "c": 1.0, "b": 3.0, "phi": 1.0, "sigma": 0.0, "rho": 0.0, "kappa": 0, "K": 1, "price_grid": [1.0, 1.25, 1.5, 1.75, 2.0], "observed_shocks": true, "mu": 1.5, "seed": 42, "n_actions": 5, "fp": "3c127dc3cd94cfb6dd77cfca"}, "Q": {"((2, 2),)": [0.36475319634315145, 0.7839302390649506, 1.2359906163751906, 1.4122682365455739, 2.10053604966537], "((4, 4),)": [0.6057192442731686, 2.0566873558290806, 2.660868762746428, 4.920386198278351, 99.99883192480117], "((3, 3),)": [0.5487516638644209, 0.962813210806918, 1.9744552564437572, 2.049245991058773, 3.002356619423334], "((0, 1),)": [0.38590160581061783, 0.7381508257242198, 0.7186660216677881, 0.8435531297444336, 1.3984822277521274], "((2, 4),)": [0.6354399462566376, 1.0949340442816788, 1.6125940635789784, 3.2184752019451714, 4.081468848718688], "((1, 1),)": [0.35653694243072154, 0.7265362325315528, 0.8280519887458713, 1.25532888964791, 1.4670906107934116], "((0, 0),)": [0.35606648162791077, 0.48907529697277813, 0.6804980675345582, 0.4949409589818375, 1.2700695997806275], "((1, 0),)": [0.3573408663455414, 0.5078247449738692, 0.7688889053427734, 1.0391182977080837, 1.2736040511293787], "((3, 4),)": [0.9967479239861021, 1.4925253419615114, 2.3711163331963774, 3.679417810728351, 5.991097303444935], "((1, 4),)": [0.5857572958376808, 1.003872854810904, 1.2752197296577858, 2.213483156114904, 3.7469950693546448], "((4, 2),)": [0.550542647449541, 1.2642848567968006, 1.5970818770988267, 3.2973298018339716, 2.8828516274824474], "((0, 3),)": [0.2815063141296896, 0.5500899109582478, 0.6212409522785303, 1.111752485118308, 1.1341113041577393], "((1, 2),)": [0.18660841895821725, 0.7446937967154461, 0.8832659777551748, 1.2109862114715995, 1.7054839635564967], "((2, 0),)": [0.3018710970347875, 0.5382125554468407, 0.8837554423305621, 1.0835800947705694, 1.1484134757245654], "((2, 3),)": [0.5861480224182718, 1.2763320352760696, 1.3725345973649805, 1.631814777432059, 2.46917050177181], "((3, 2),)": [0.7152798819014203, 1.170585874109261, 1.937151897207827, 2.0644078248731472, 2.6413827628447555], "((4, 1),)": [0.712020876042019, 0.862794326527629, 2.1417860635101955, 1.7194167537773364, 2.97213833201336], "((4, 3),)": [0.6795568988050046, 1.4052199528080298, 1.8472494080525355, 2.3781402194577024, 3.934694437413293], "((4, 0),)": [0.7368124370603238, 1.0362496580461444, 1.4368375204264747, 2.13844515735166, 0.9888287368338264], "((1, 3),)": [0.4189980792388534, 0.9187913412381172, 1.0374889622390744, 2.054053449527254, 1.7449729211169287], "((2, 1),)": [0.49188704818181384, 0.8456302430863668, 1.1438518436986505, 1.4191942627442018, 1.2443096186368243], "((0, 4),)": [0.5846733380264906, 0.8792764124494218, 0.7643321367621997, 1.7576882452686786, 2.432199559474842], "((3, 0),)": [0.31042480746783596, 0.6820293324461283, 1.0164326346119987, 1.7257019994624572, 1.2892531811369106], "((0, 2),)": [0.3459322181169135, 0.7141617832704238, 1.022394304624176, 0.8034835030372074, 1.2257768947220007], "((3, 1),)": [0.44416967967655097, 0.9475652919876925, 1.6868919492922523, 1.8995432525303726, 2.475711802554153]}}