{"meta": {"n": 2, "c": 1.0, "b": 3.0, "phi": 1.0, "sigma": 0.0, "rho": 0.0, "kappa": 0, "K": 1, "price_grid": [1.0, 1.25, 1.5, 1.75, 2.0], "observed_shocks": true, "mu": 1.5, "seed": 42, "n_actions": 5, "fp": "3c127dc3cd94cfb6dd77cfca"}, "Q": {"((2, 2),)": [0.49270434931352086, 1.0563224238768434, 1.4742046324760885, 1.9466164375440775, 1.7480654089272654], "((4, 2),)": [0.7962519316136586, 1.391633532720568, 2.6107235537006845, 6.554060915356825, 4.170317785277835], "((3, 0),)": [0.49436180120877143, 0.6811187129618576, 1.2333727394277527, 1.2154418399046727, 1.449869014417597], "((4, 4),)": [1.1283808001253282, 2.6369221880033136, 4.375145516016599, 7.842360083819716, 6.6056162109238254], "((0, 3),)": [0.5991352999744222, 1.1880651101135, 0.9708905597202304, 1.5198838266543673, 1.4470805634936126], "((1, 0),)": [0.4208757427191613, 0.5466345701522058, 0.502340379718444, 1.4509833550170175, 0.9160941786614804], "((4, 0),)": [0.46187559481299467, 0.811932728482507, 1.6292298757818948, 2.6496852347248323, 2.7227991007705703], "((0, 4),)": [0.45920385828002147, 0.5809819845711951, 1.7047747102859683, 1.156136756235322, 1.7918243996275611], "((1, 4),)": [0.4937613366168654, 0.6310979113804996, 1.0461413825874737, 1.919343114415985, 2.1232201633658416], "((2, 0),)": [0.23691201921006283, 0.6921205571773097, 1.0684260798066803, 0.9412068182676532, 1.1662371014349115], "((3, 3),)": [0.6126205080919653, 0.852492210850542, 1.9100556480205253, 2.1041494786328636, 2.250348626392614], "((3, 1),)": [0.5195401614729122, 0.7229871327553266, 1.1235377390615724, 1.4003162523788866, 1.535994268750621], "((3, 2),)": [0.5156010752292173, 0.6876952786457187, 1.2670049426743155, 2.0122698916273523, 2.219053276105962], "((0, 2),)": [0.21830861106055466, 0.7515763516330795, 0.8252850394731571, 1.269293785812739, 1.4027050965124601], "((4, 3),)": [1.6191077325917902, 1.8994697459550045, 4.9934811383652065, 93.74868317821715, 7.022683352904518], "((0, 1),)": [0.20384172072535797, 0.5402028270982688, 0.9117817020764802, 1.1878614881267802, 1.226593284492639], "((1, 3),)": [0.7699166392572141, 0.9100742439021502, 1.3988204207291728, 1.4826473594657106, 1.5825221882227558], "((4, 1),)": [1.125615901065385, 1.1276051886575993, 2.068159344400051, 3.5338094760457297, 1.9151004907502898], "((1, 2),)": [0.6105543986005578, 0.5314586135320211, 1.3188306286365057, 1.2104097820033484, 1.8277337011472188], "((2, 4),)": [0.7319720606483162, 1.0177093559677237, 1.9806216283916036, 2.0186928429592657, 1.9677163392652794], "((3, 4),)": [1.039598264469997, 1.2196152476878275, 1.9744666515651523, 2.2960836275620506, 1.8033944164268807], "((2, 1),)": [0.3095730563000377, 0.6598242951731441, 0.8798031161996702, 1.505375092128888, 1.6271467880892216], "((0, 0),)": [0.39421461742435515, 0.33056745638167795, 0.7760576197019393, 0.9020137395441028, 0.41091554334621083], "((1, 1),)": [0.4089229403232484, 0.563764089693533, 0.7290757427991691, 1.2965478719294083, 1.2980669210970526], "((2, 3),)": [0.5899668562246763, 0.8130805122813695, 1.4541903738269575, 1.6542060239545875, 2.4388600855583413]}}