{"meta": {"n": 2, "c": 1.0, "b": 3.0, "phi": 1.0, "sigma": 0.0, "rho": 0.0, "kappa": 0, "K": 1, "price_grid": [1.0, 1.25, 1.5, 1.75, 2.0], "observed_shocks": true, "mu": 1.5, "seed": 42, "n_actions": 5, "fp": "3c127dc3cd94cfb6dd77cfca"}, "Q": {"((2, 2),)": [0.4713884858329915, 0.9920850424446251, 1.6942443062583061, 1.72367300818556, 3.292130646569], "((2, 4),)": [0.819370295025419, 1.0295172754640065, 1.9996272717360501, 2.216877186227125, 4.746067945545704], "((0, 1),)": [0.17157610773454113, 0.46257823613909776, 0.8669209047691271, 0.8066428137411616, 0.912070512859984], "((0, 0),)": [0.22816400823636876, 0.40370047104918944, 0.6105106183203362, 0.51291733853429, 0.8541592802698652], "((0, 4),)": [0.5414706992449759, 0.4937507827423947, 1.0245769777077467, 1.6727116261666604, 1.809511973663201], "((2, 3),)": [0.4658787394226037, 0.8973521184259592, 1.5856286560520036, 1.553518291421523, 3.3486558525843377], "((0, 2),)": [0.23844052304285146, 0.6060007086502192, 0.7989449685406633, 0.8213351856306284, 1.6933009869394224], "((4, 0),)": [0.3212205007587523, 1.3309664057818362, 1.7112077522383016, 1.7366530036922583, 3.9980256791949578], "((1, 0),)": [0.25112158889297265, 0.672067448511181, 0.6229022807035466, 1.2358341572100866, 1.4456629092331217], "((1, 1),)": [0.2746240141839491, 0.40552913408339936, 1.2740623922600416, 0.7257208256087958, 1.6985833048291397], "((4, 3),)": [0.7369802747037413, 1.343596373885546, 2.6857338509772375, 2.832130522028752, 23.331500722415488], "((3, 1),)": [0.35873763314750884, 1.0360530023821275, 1.8006836139468152, 0.954909801628369, 1.4829821014386897], "((0, 3),)": [0.48655256715634576, 0.5951013376561267, 1.2224579323618392, 1.0379829571733248, 1.6585066412197942], "((4, 4),)": [0.4541538657456662, 2.1433564880296396, 3.297899424341292, 3.4914120090455234, 99.99839507201915], "((3, 4),)": [0.6293212438798986, 1.0792571813178662, 1.985676130015925, 1.2284544700211728, 4.942222876743645], "((3, 2),)": [0.5091962543539218, 1.094766922131646, 2.189532503883914, 1.8118393689305008, 1.6145542883946693], "((1, 3),)": [0.46747762468603776, 1.1479674577257282, 1.364883339174204, 1.2029066637367332, 2.740893734266599], "((3, 3),)": [0.41673783003671283, 1.0325376242575963, 1.352888497988944, 2.3572325713934354, 3.9700949310004026], "((2, 0),)": [0.3553745834317562, 0.45995319607529117, 0.8220739186144073, 1.243658381056364, 2.299679649500206], "((2, 1),)": [0.3273962030726614, 0.9792942508598999, 0.8904745818473936, 1.6288896043730439, 1.5427883697181333], "((3, 0),)": [0.4302280795581747, 0.7748957238049123, 1.3372741546683748, 1.426683218926801, 1.4720544930173014], "((1, 2),)": [0.3710164772197169, 0.9105084280201555, 1.2092197991205378, 1.147600300477518, 2.006597448106233], "((1, 4),)": [0.3350710114924863, 0.8570477623184176, 1.773959835334292, 1.324887329295375, 3.586969632526372], "((4, 1),)": [0.40106695223056565, 1.0842495893698703, 2.2119610346595637, 1.332407730927256, 4.380278687481433], "((4, 2),)": [0.6663560940534586, 1.4780046542390761, 2.95954601110698, 2.1139815979521175, 20.91482672012838]}}