{"meta": {"n": 2, "c": 1.0, "b": 3.0, "phi": 1.0, "sigma": 0.0, "rho": 0.0, "kappa": 0, "K": 1, "price_grid": [1.0, 1.25, 1.5, 1.75, 2.0], "observed_shocks": true, "mu": 1.5, "seed": 42, "n_actions": 5, "fp": "3c127dc3cd94cfb6dd77cfca"}, "Q": {"((2, 2),)": [0.6101134550718135, 0.6704676649061349, 1.4288028803748616, 1.758093202643555, 3.0823006282705445], "((4, 2),)": [1.1176062831249975, 1.3144313623117108, 2.2219031787851877, 2.802621857658454, 10.512498983420349], "((3, 0),)": [0.7247829271723296, 0.7715226634297266, 0.7854738039998898, 1.482795017193966, 1.8375911625307313], "((4, 4),)": [0.7848721140985526, 1.5827738292098246, 2.5698791061217676, 2.4874868531151906, 12.227297623964978], "((0, 3),)": [0.31957699081538793, 0.7507274776598484, 0.8536856440698342, 1.4604017260805242, 2.8814512919663224], "((1, 0),)": [0.3504864240233164, 0.2326254179063843, 0.6256042612526116, 1.0627169054818617, 1.9998046541184995], "((4, 0),)": [0.838502428065852, 0.8124947331248793, 1.7886733468061553, 2.255095754769757, 5.021403327403039], "((0, 4),)": [0.41386342126649683, 1.0011927061369401, 1.2603957082201138, 0.8449639549277772, 2.9364195453022433], "((1, 4),)": [0.7031307964485616, 1.0391644742760962, 1.0973652386498673, 1.4053037624831968, 3.1841507187629237], "((2, 0),)": [0.4482872299115423, 0.8122194210311764, 1.2386920041016194, 0.8645406475461763, 0.8877997792914474], "((3, 3),)": [0.68915065463154, 1.2320200697931774, 1.580314199149408, 2.264793284175638, 3.525926104842363], "((3, 1),)": [0.5023998980242621, 0.832533320910809, 1.3029017719349762, 1.4383550421275608, 1.9828706149055328], "((3, 2),)": [0.6418757882088677, 0.9624248787597757, 1.9475851259879438, 1.9340483529154258, 2.7949053704500395], "((0, 2),)": [0.8211721291436345, 0.6237542391106438, 0.6066216542816134, 1.062489634808159, 1.5500953934633428], "((4, 3),)": [0.6314380139617508, 1.7071068573671062, 1.7937998249988305, 2.4544665972122126, 124.99825320863093], "((0, 1),)": [0.3227030465957113, 0.3988766011967124, 0.9061768204712122, 0.9928183424148862, 1.9029925657421094], "((1, 3),)": [0.6818375711249559, 0.9484806076922078, 0.9886679066699928, 1.2757921784907829, 2.934377744407621], "((4, 1),)": [1.008909529688695, 1.0830105479405154, 1.5351837961603567, 1.8667522146728883, 6.310630676955849], "((1, 2),)": [0.612752747423658, 0.9399685823458012, 1.5899057511863341, 1.2359407726225, 1.7670379938766752], "((2, 4),)": [0.5127493989442666, 1.2369436380053505, 1.0820957897089933, 1.8530002905684004, 3.841814485038373], "((3, 4),)": [0.5889501282856515, 1.1694299487437803, 1.0432212993292076, 2.197587552252927, 3.9699602214145435], "((2, 1),)": [0.6661807913252565, 0.8537963754832603, 1.0998314971587995, 1.1923180344557658, 1.7576831450743284], "((0, 0),)": [0.2676888817780552, 0.4642100766781182, 0.5732279454555378, 0.6161715741796467, 1.2531357550740458], "((1, 1),)": [0.22376936646252588, 0.7993225812739964, 0.9132403299091792, 0.8772213675697567, 1.9418316622602207], "((2, 3),)": [1.035517700733266, 1.2728902045176744, 1.3544879014862319, 1.9626988114209563, 3.128012993161622]}}