{"meta": {"n": 2, "c": 1.0, "b": 3.0, "phi": 1.0, "sigma": 0.0, "rho": 0.0, "kappa": 0, "K": 1, "price_grid": [1.0, 1.25, 1.5, 1.75, 2.0], "observed_shocks": true, "mu": 1.5, "seed": 42, "n_actions": 5, "fp": "3c127dc3cd94cfb6dd77cfca"}, "Q": {"((2, 2),)": [0.6798598850909383, 1.1684745577043305, 1.2694387541450571, 2.2286442295880327, 2.4579573917064503], "((3, 2),)": [1.2026551388351403, 1.3159172571144164, 1.7619532237488174, 3.373213627987333, 3.770976303646567], "((4, 3),)": [0.912228712028454, 1.176881840211067, 2.310621692537501, 6.037140449916664, 5.639473333854878], "((0, 4),)": [0.6714332148062303, 1.215112065777059, 1.081138819499673, 2.3976001128911704, 3.072492801354428], "((3, 3),)": [0.9530852839597778, 1.0231423139633211, 2.27130312265485, 5.151097597937726, 5.992205544085141], "((0, 2),)": [0.5029977653896858, 0.5673919532368291, 1.1583956270517886, 1.1142822742464564, 2.0949872904138043], "((1, 4),)": [0.6711168609838216, 1.1093031305713033, 1.5517844408868529, 2.317153613350694, 3.389002704469256], "((3, 4),)": [1.0378055434182478, 1.8415669986836165, 2.869887377371966, 95.06459649882758, 95.07973701864364], "((2, 1),)": [0.48610599644214114, 1.0264132918500664, 0.9593253724410652, 1.383327100497589, 1.8262605715097244], "((2, 0),)": [0.4780074952874846, 0.6258307874903182, 0.9512661021304494, 1.2458473327993933, 1.4375255185057256], "((3, 1),)": [0.8035587550597773, 0.8390940706942402, 1.5572414930444862, 2.620284925375669, 2.6265612483527363], "((4, 4),)": [1.560158704333539, 1.916588855515633, 2.6897703124111643, 95.06430400983777, 10.397693810731635], "((3, 0),)": [0.6386862671735845, 1.0861532484486942, 1.3928198752235417, 0.6141609200970094, 2.3266446423768685], "((0, 3),)": [0.6628700840056984, 0.6581699946161736, 0.5519423579684277, 1.975491949758533, 2.303357789365783], "((1, 1),)": [0.5487862507355056, 0.6835109937582637, 1.0005292296279427, 1.1551612427754414, 1.5179569276039802], "((1, 3),)": [0.7704508825192731, 1.1142078941013775, 0.9781506799290622, 2.1408344171665097, 2.3644059066971996], "((2, 4),)": [0.7424849430293489, 1.268949175100631, 1.8917476777449804, 3.5880156455092345, 2.6000763700873675], "((1, 0),)": [0.4021026951062137, 0.8730767130857009, 1.1335809067801275, 1.0657244686526353, 1.0036770533074262], "((0, 0),)": [0.33548887831242946, 0.5407838713246962, 0.9273153982018952, 1.2277163939275684, 1.1768694468592824], "((2, 3),)": [0.32650070158019634, 1.0151806819089924, 1.6122574580104114, 2.466680958498712, 3.579916330224359], "((1, 2),)": [0.40163275690788075, 0.6648104077466006, 1.3161150219409348, 1.7572782586994506, 2.25847141697512], "((4, 1),)": [0.680838049424689, 1.134529207770665, 1.3479814653527942, 2.2076632494963144, 3.401660917936291], "((0, 1),)": [0.36900319812014254, 0.467242092969671, 0.8347665244912693, 0.9454585693630787, 1.282921028085483], "((4, 0),)": [0.8684625411608704, 0.7175962135315282, 1.3683874883409035, 2.2034139051860775, 2.713279191167336], "((4, 2),)": [0.9937622650007083, 1.4727298446699124, 1.8631820112756072, 3.5344425594458393, 4.559533494626134]}}