{"meta": {"n": 2, "c": 1.0, "b": 3.0, "phi": 1.0, "sigma": 0.0, "rho": 0.0, "kappa": 1, "K": 1, "price_grid": [1.0, 1.25, 1.5, 1.75, 2.0], "observed_shocks": true, "mu": 1.5, "seed": 42, "n_actions": 5, "fp": "7f2bdad5599287e2582b93db"}, "Q": {"((2, 2),)": [1.713955696624191, 2.9626142736544674, 20.970299149858256, 5.731776662733048, 4.6308322657336545], "((4, 2),)": [1.2593239588884009, 2.500776230981323, 3.110451218785825, 4.720047502371398, 1.9127307863302079], "((3, 0),)": [1.1481447036059507, 0.9839137053946746, 2.3137930715656325, 2.726339149741556, 2.733471906227753], "((4, 4),)": [1.2710337891012624, 1.8348148904418944, 3.015511318829486, 3.4990772141363493, 2.8621335826670635], "((0, 3),)": [1.097198935652204, 1.3591063811258093, 2.553770655347368, 2.3683284102266087, 1.6982115315564263], "((1, 0),)": [0.777272089971149, 1.1201629240999087, 2.1234164626310204, 1.9693878507781502, 1.215963409053058], "((4, 0),)": [0.7953291979816547, 1.2167423539845454, 1.7670918266300464, 2.2094010006600064, 1.8637564366885173], "((0, 4),)": [0.702703100615564, 1.0425495789654144, 2.0780517796418514, 1.5716200647898102, 1.8336167746968306], "((1, 4),)": [1.0875942351135672, 1.9882043431980085, 3.6533567923068833, 2.8077681770865737, 2.3160183745188174], "((2, 0),)": [1.1110007515404252, 1.566635874448061, 3.037204576877216, 2.280657753933303, 2.4566895604424217], "((3, 3),)": [1.6692013170375328, 3.2675302432285362, 6.910694883183038, 4.9829971935066855, 4.176780735994296], "((3, 1),)": [1.3195555679253383, 2.579236342623072, 4.111265706335859, 3.174343706178461, 3.2287622888569], "((3, 2),)": [1.8969006893819604, 2.993555273148347, 89.55230138303986, 6.033364480466595, 4.860659335036052], "((0, 2),)": [0.7901989306768689, 1.3858680713995626, 1.9648023671493506, 2.3635461743032566, 2.324523003883398], "((4, 3),)": [1.5946301368583344, 1.9282372467898539, 3.171316213980968, 3.0538021547634755, 2.5704976100669876], "((0, 1),)": [0.8584777396598132, 1.2582396179706574, 1.5034291627540164, 1.316401716644426, 1.5066417175651057], "((1, 3),)": [1.2929135009427914, 2.505131568666109, 3.0475355105771347, 3.671728171375605, 3.1655696884150313], "((4, 1),)": [0.8281756858814063, 1.5876719291778147, 2.7170359030325324, 2.5742126435180475, 1.314956151062949], "((1, 2),)": [1.4234912443963348, 2.0323356116579507, 4.658721106217494, 2.8228369004413776, 3.322435545608156], "((2, 4),)": [1.6653172175277344, 2.9793671849192362, 5.186769508144882, 4.35911768113627, 4.403687288952324], "((3, 4),)": [1.7859950703927625, 2.625995396803503, 5.521236332960642, 5.104798366122711, 3.432819845632892], "((2, 1),)": [1.2960078597785663, 2.0732322701989947, 3.8067609222949486, 3.8834303417927134, 2.68003317422355], "((0, 0),)": [0.6042500452133037, 1.2293486038498636, 1.0887122456425438, 1.2176606271879082, 0.9108804302000701], "((1, 1),)": [0.9959901716052834, 1.3860510949311529, 2.6027090107148076, 2.535907534258149, 1.9834580087914795], "((2, 3),)": [1.3585312358609052, 2.9156673243295597, 6.062265467011535, 5.132346966590364, 4.614140643914175]}}