{"meta": {"n": 2, "c": 1.0, "b": 3.0, "phi": 1.0, "sigma": 0.0, "rho": 0.0, "kappa": 1, "K": 1, "price_grid": [1.0, 1.25, 1.5, 1.75, 2.0], "observed_shocks": true, "mu": 1.5, "seed": 42, "n_actions": 5, "fp": "7f2bdad5599287e2582b93db"}, "Q": {"((2, 2),)": [1.3575481458237677, 2.7906462921411377, 6.106962642253926, 5.635117006315298, 3.8870131554651173], "((4, 4),)": [1.3699093485278364, 1.8986621354741373, 3.3890948639374012, 3.7625418609108507, 2.654043358273656], "((3, 3),)": [1.359791176342593, 2.702903969743894, 10.860100437624492, 6.608839464104347, 4.348295226824959], "((0, 1),)": [0.4966703536263059, 0.7027447715804781, 2.3671864646633196, 1.1361021807597693, 1.2820955155941056], "((2, 4),)": [0.8807948527299451, 2.217536440095095, 4.562650319983366, 3.725532926398142, 3.517101954139518], "((1, 1),)": [1.046796951076953, 1.257033069875029, 2.405983712707209, 2.774874019291072, 2.136624006909701], "((0, 0),)": [0.41582407612795974, 0.64926904518383, 1.1455399011603384, 1.4041891161017044, 0.7852405157238405], "((1, 0),)": [0.41324370934825105, 1.3017113937282232, 2.122615039653729, 1.1741740063429065, 1.724069032735638], "((3, 4),)": [0.9906923465000469, 2.6640803227144794, 6.991968551062951, 5.480494015815304, 4.034595947157828], "((1, 4),)": [0.8254243249212917, 2.0495711514469868, 3.536161867081317, 3.347968157752442, 2.655137098549785], "((4, 2),)": [0.7892921445554785, 2.681224641723013, 5.5614260787319605, 4.304912551567695, 3.2861601482773], "((0, 3),)": [1.115578865073031, 1.099668285216469, 1.9259287480055347, 1.6011190150467784, 2.334555460740181], "((1, 2),)": [1.2016077144520925, 1.918293885974034, 4.228802314698885, 3.7321310363164875, 2.8730966821843733], "((2, 0),)": [0.7986008716107176, 1.2023919294945111, 1.9259881584091243, 2.134250066507517, 1.9176965537232722], "((2, 3),)": [1.438777082482205, 2.477141185988181, 5.621150017119852, 4.817612670108196, 4.26127804186757], "((3, 2),)": [1.4135328492464228, 3.5171998627958114, 89.55478377040416, 10.038855872885003, 6.429173645998525], "((4, 1),)": [0.8815834822656071, 1.6065848244775318, 2.5011458810753284, 2.9307056873042097, 2.5001500667025187], "((4, 3),)": [1.340643688320691, 2.329506855090708, 3.7538819423220016, 4.536344351798501, 2.5420367753065833], "((4, 0),)": [0.8655757392696691, 1.244889973349038, 1.0590093250223331, 2.055315608115755, 1.6787352861204696], "((1, 3),)": [1.1472663411150035, 1.7807605824765704, 4.0546117932676875, 3.472281186545371, 2.5982820676836145], "((2, 1),)": [0.7707500825491814, 1.9579496753502945, 3.9336318255902256, 2.670854018650748, 2.736434827958614], "((0, 4),)": [0.4191959935421473, 1.7008366403057749, 2.132504369609515, 2.0694279245529663, 1.2021926077021858], "((3, 0),)": [0.7325487293020033, 1.1765678007452145, 1.7861064107480145, 3.084300664354998, 2.1402372869360895], "((0, 2),)": [0.4888122595549652, 1.1538533451275612, 2.594775838538796, 2.53948568639976, 2.356882874283237], "((3, 1),)": [1.0859404233946275, 2.019332867432462, 4.796213440988218, 3.1482248613395702, 2.600818494512209]}}