{"meta": {"n": 2, "c": 1.0, "b": 3.0, "phi": 1.0, "sigma": 0.0, "rho": 0.0, "kappa": 1, "K": 1, "price_grid": [1.0, 1.25, 1.5, 1.75, 2.0], "observed_shocks": true, "mu": 1.5, "seed": 42, "n_actions": 5, "fp": "7f2bdad5599287e2582b93db"}, "Q": {"((2, 2),)": [1.5059053139089182, 3.6789843116474366, 13.59825191922324, 14.826588405394999, 3.453818104577598], "((4, 2),)": [0.9428016389523728, 2.3732840433978577, 4.4792806943706385, 4.447559302792841, 2.0534046253156486], "((3, 0),)": [0.9017446725459565, 1.8809789273291926, 2.7625719860231537, 3.1708452856370997, 2.0632425339335496], "((4, 4),)": [0.8939669873067052, 2.2878493392611503, 4.137343058774473, 3.1323455466699457, 2.205429957016382], "((0, 3),)": [0.7688978959177125, 0.9077111597149135, 2.674634889788812, 2.6476920232276067, 1.82607232647081], "((1, 0),)": [0.6858275426616661, 1.7059626364383549, 1.1199336135761995, 2.159454990256978, 1.6648924991931762], "((4, 0),)": [0.5511228820795095, 1.10352742221808, 2.2117593289523603, 2.399233450092301, 1.4847011175914793], "((0, 4),)": [0.7609734944791731, 1.7434191980303957, 1.537418214008857, 1.9325129771202063, 1.7396214509945382], "((1, 4),)": [0.9219929546623908, 1.985883733801496, 3.7385709404111505, 3.2038804358472053, 2.5685319462437852], "((2, 0),)": [1.1341309040359056, 1.8638117504386247, 2.2155055757338054, 3.4621112938498055, 2.2587901174781986], "((3, 3),)": [1.6145484386115905, 2.5831874604150817, 6.006055528447029, 6.328223327781433, 3.4858143156680343], "((3, 1),)": [1.5686884595067208, 2.556283495640598, 4.505264818171465, 3.9676723250966366, 2.2372896090147414], "((3, 2),)": [1.209653705938408, 3.1690458294773998, 14.166978774267948, 71.90062558300237, 3.461149158246446], "((0, 2),)": [0.9866266813345443, 1.3351550091895295, 2.0359443087369193, 3.0816108501677824, 1.4929447953699806], "((4, 3),)": [1.6316656287250706, 2.565126204607549, 3.1898303302103383, 3.5178469895511664, 2.464865817197182], "((0, 1),)": [0.7646326932997767, 1.4119112856462588, 1.7510753426388985, 1.6027198027350866, 1.0105620243655231], "((1, 3),)": [1.0584064562783917, 2.4188359186052706, 3.9474128757945595, 4.117813144445251, 2.161671205629513], "((4, 1),)": [1.011135241289039, 2.4002102611560403, 2.6241192532910205, 2.5031258987397784, 1.5540709577567957], "((1, 2),)": [1.2210943092148505, 2.769294649385376, 4.630469763352506, 4.272092738410575, 1.8269176648399135], "((2, 4),)": [1.115171287776175, 3.1111419710222123, 5.369800913276299, 5.167384368295301, 2.876880184008186], "((3, 4),)": [1.0400133416939061, 3.2325083316275, 4.995437541962549, 5.824240872157974, 3.1578792549020824], "((2, 1),)": [1.2419374325997043, 2.576374472695442, 4.720549631090654, 3.236037701882485, 2.2069530300792337], "((0, 0),)": [0.36480453677775887, 0.765139366775155, 1.5188004815607363, 1.4297514183368123, 0.9487204857258885], "((1, 1),)": [0.8114534779331972, 1.4830318626690473, 2.776914825113395, 2.84402174704829, 1.8788806306326666], "((2, 3),)": [1.0610390114127273, 3.5475944851926746, 5.6699821999622, 6.005158112725151, 3.4302596364562334]}}