{"meta": {"n": 2, "c": 1.0, "b": 3.0, "phi": 1.0, "sigma": 0.0, "rho": 0.0, "kappa": 1, "K": 1, "price_grid": [1.0, 1.25, 1.5, 1.75, 2.0], "observed_shocks": true, "mu": 1.5, "seed": 42, "n_actions": 5, "fp": "7f2bdad5599287e2582b93db"}, "Q": {"((2, 2),)": [1.120824878749362, 2.4925904102759904, 2.6305131016269088, 4.415119841179886, 2.540327145994153], "((3, 2),)": [1.4499718121777423, 3.8321492997799043, 3.415317064154024, 9.065184093729767, 4.119171948677972], "((4, 3),)": [1.3438652232467736, 2.340853456900888, 2.684087204774661, 4.5578436894221825, 3.4183668679458648], "((0, 4),)": [0.7152398809208049, 1.5735904612098077, 1.4707239383736652, 2.6193148399947765, 1.7779056476016164], "((3, 3),)": [1.2876283786007865, 2.940060548183621, 3.7246074674416647, 10.856087303716528, 4.070969127192144], "((0, 2),)": [0.7697446859568594, 1.5160342513226341, 1.8867933161756123, 3.024897197648941, 1.2322336989127507], "((1, 4),)": [1.228304110329925, 2.417777869036789, 2.3015556141796965, 4.423132122166061, 2.3954989571570335], "((3, 4),)": [1.368695562080041, 3.2564884054357615, 3.40490262664767, 109.90936902501558, 3.5603902508757956], "((2, 1),)": [0.8071714315962009, 2.343034964794774, 2.3918406728934976, 3.152793758642817, 2.179500953038807], "((2, 0),)": [0.9150001240953894, 1.0445177174432365, 1.5552404578854524, 2.3995938575698785, 2.435570932117992], "((3, 1),)": [1.2800700836146228, 1.8527829330362005, 3.1936853537200687, 7.532530601167888, 3.460549438088521], "((4, 4),)": [1.1273605933188429, 2.8134979470684245, 2.85577900250003, 4.80733326560318, 2.552018615004446], "((3, 0),)": [1.1474398394897687, 1.6606312138791794, 2.258171307079345, 3.5545197180859085, 2.302279091194506], "((0, 3),)": [0.5837411408982022, 1.5846980050611608, 1.4288752393042716, 2.7991341300115273, 1.5317394260658739], "((1, 1),)": [0.9581623266675173, 1.774332177556862, 2.023278609744664, 4.070896578866738, 1.6545884715126171], "((1, 3),)": [0.9508379764215672, 2.0540846684100975, 2.2862214072974414, 4.593360017234549, 2.5369414763127196], "((2, 4),)": [1.2095100351756432, 2.6319351068390895, 3.047327392549744, 4.231772989267101, 2.818762919816739], "((1, 0),)": [0.5488155701975339, 1.2817120551987737, 1.3837452723145094, 2.277107742911295, 1.691138063536575], "((0, 0),)": [0.4970210191573708, 0.7924968424871716, 1.2122483174909229, 1.3329590283947672, 0.916410784565297], "((2, 3),)": [0.916531453185226, 3.032099984545497, 3.0301107285811777, 3.974592126873522, 2.8416001450254535], "((1, 2),)": [0.7865774120663767, 2.2854746329890423, 2.949721198816466, 4.2115447441255185, 3.0658981390842883], "((4, 1),)": [0.9052974362998055, 1.9230794036307308, 2.3727898398220852, 4.310822235419753, 2.374326083025281], "((0, 1),)": [0.5904663654780715, 1.2389402538575967, 1.603878323678142, 2.0719790035773578, 1.2872584812500625], "((4, 0),)": [0.5302552164191473, 1.3325611078472708, 1.8900915955196476, 2.5414668358999606, 1.2292664529353425], "((4, 2),)": [1.1282066162421123, 2.7936009132582496, 2.892282790708846, 4.82594125839446, 2.2731105089473256]}}