{"meta": {"n": 2, "c": 1.0, "b": 3.0, "phi": 1.0, "sigma": 0.0, "rho": 0.0, "kappa": 1, "K": 1, "price_grid": [1.0, 1.25, 1.5, 1.75, 2.0], "observed_shocks": true, "mu": 1.5, "seed": 42, "n_actions": 5, "fp": "7f2bdad5599287e2582b93db"}, "Q": {"((2, 2),)": [0.7437620635125345, 3.5090726125511407, 83.7451131174671, 7.816082754682848, 4.4509154100035575], "((2, 4),)": [1.252601529921157, 2.721079268137931, 3.9359597731336637, 4.2162735967506055, 4.030010475946259], "((0, 1),)": [0.7179969398352504, 1.8189454288518923, 1.5286280560724652, 1.5371101725503085, 1.270702828258519], "((0, 0),)": [0.7507899488848303, 0.8824068443253666, 0.7280909531680368, 1.1163497306021772, 1.2888421776328691], "((0, 4),)": [0.7040037476973633, 1.3467287294747128, 1.7012573255240444, 2.1123100595604827, 1.4778256474763936], "((2, 3),)": [1.4309987367259416, 3.810595332983846, 83.7219907481764, 8.712141394086375, 4.122376208259889], "((0, 2),)": [1.0986834160512013, 1.230090410410375, 1.7706364372102896, 3.079129383812897, 1.7539378373648855], "((4, 0),)": [0.9987929486691991, 1.47523478067986, 1.726774497748242, 1.908552235190497, 1.8552687654962932], "((1, 0),)": [0.6943968761277917, 1.325950989665529, 1.3291731008568701, 2.139741027061358, 1.7638362253794888], "((1, 1),)": [1.2163225569343787, 1.8471487921140795, 2.474449315544538, 2.2364564904069923, 1.8720932707100553], "((4, 3),)": [1.8302097604594227, 3.99649993245637, 5.708409529260353, 5.022023309545989, 4.595113405862463], "((3, 1),)": [1.0755824276265356, 2.135635621276432, 2.4503204395631264, 3.9741155100427563, 3.014905795830277], "((0, 3),)": [0.942221584322214, 2.1574817356488167, 2.007132429432453, 3.0323894872121873, 2.4937149260521614], "((4, 4),)": [1.0949231647208268, 2.6544363322569815, 3.8083177282745178, 3.5971148601237126, 3.8151202000376556], "((3, 4),)": [1.1085388835432188, 3.145459738280407, 4.122726457148142, 4.392136161456293, 3.6879398575364366], "((3, 2),)": [1.1670226042565077, 3.3554560304384764, 9.315668586766815, 7.057690167519134, 5.045523273422868], "((1, 3),)": [1.0809768409031224, 2.685750859664344, 4.449992344565175, 4.7467090648945405, 3.5359913426296457], "((3, 3),)": [1.872878418928455, 3.591519573064982, 9.132248298817375, 7.892858848613616, 5.067195650506702], "((2, 0),)": [0.8540079431629738, 1.9021718167128479, 1.5291977213129808, 1.9806945350349343, 1.5328921025509914], "((2, 1),)": [1.162757727977459, 2.778742321913863, 2.7142664500938194, 3.502681673634334, 2.453942422865709], "((3, 0),)": [0.9916587282233689, 1.6353181018101965, 2.2702701393446403, 2.6605059530306336, 2.2886461874807575], "((1, 2),)": [1.2888354406112104, 2.417663909062918, 4.131913825205229, 4.016698573892853, 3.9344800170395504], "((1, 4),)": [1.02728051836884, 1.7380693496051078, 3.416520053863527, 3.0329214986381174, 2.8602138778739947], "((4, 1),)": [1.0091162294618963, 2.3942215832606277, 2.3255038427695163, 2.8200940850216365, 3.3624954389718025], "((4, 2),)": [1.219538558613535, 2.7272492474163115, 5.450593989661873, 4.770086090826319, 4.815095000545446]}}