{"meta": {"n": 2, "c": 1.0, "b": 3.0, "phi": 1.0, "sigma": 0.0, "rho": 0.0, "kappa": 1, "K": 1, "price_grid": [1.0, 1.25, 1.5, 1.75, 2.0], "observed_shocks": true, "mu": 1.5, "seed": 42, "n_actions": 5, "fp": "7f2bdad5599287e2582b93db"}, "Q": {"((2, 2),)": [1.5365047200688273, 3.457325449272054, 5.533710058092021, 6.700264340835483, 3.7920549574780864], "((4, 4),)": [1.0083667607733051, 2.041468133728425, 3.073760021956363, 4.075116687454946, 2.3030626736056754], "((3, 3),)": [1.1908392897282614, 2.6970163275791896, 5.499964412381977, 11.1138623240421, 4.050549401853134], "((0, 1),)": [0.5741045100732146, 0.7950680204268379, 1.8086617950514337, 1.8394521929917695, 1.2254933808917472], "((2, 4),)": [1.032579930992528, 2.7026735630915937, 4.141413131787179, 4.487132647438936, 3.4721454863906236], "((1, 1),)": [0.9505651152075102, 1.744925044627771, 2.342121166110838, 2.557794236681681, 2.325187012098878], "((0, 0),)": [0.4020822646263353, 0.9210413824249609, 1.0922983239345705, 0.9583129146929317, 1.1872716583582972], "((1, 0),)": [0.5766607701913271, 1.1636384320399649, 1.609903372567444, 2.0056213226790094, 1.5730581147231377], "((3, 4),)": [1.2925080886091374, 2.546229722161347, 4.586862625665033, 7.757135199824198, 3.805030802302624], "((1, 4),)": [0.8841142498918514, 1.8782222269065811, 3.1472709059760593, 3.733866915288988, 2.4385402012452535], "((4, 2),)": [0.8841819467005383, 2.691731170919041, 4.043970539430273, 5.8761918197844665, 2.931815106427381], "((0, 3),)": [0.761632685407257, 1.6609399537195266, 1.3232704815643717, 2.6814631685632926, 1.4942515782645387], "((1, 2),)": [0.8003761871776902, 2.388053924616092, 3.99588566219006, 3.6294933377283067, 3.326254693519497], "((2, 0),)": [0.582908291511275, 1.5491076920258835, 1.8685348061160445, 2.2985375363309197, 1.6665389915568067], "((2, 3),)": [1.2818111433410118, 2.90463692703588, 4.62845324769397, 6.15034501540454, 3.7446514009065486], "((3, 2),)": [1.5773948101792739, 3.4419259962407676, 5.69425245780777, 71.90300824206642, 4.265861497195145], "((4, 1),)": [1.0011079454679144, 1.664948070222716, 2.3267052709481164, 3.0177834172890026, 2.42928116884132], "((4, 3),)": [0.8440616848407929, 2.40092815423092, 4.191697996398942, 4.439525865800921, 2.4043376895159447], "((4, 0),)": [0.7035568713544332, 1.708614423926425, 1.6700063016738018, 2.169609419824837, 0.6668680780823014], "((1, 3),)": [1.2780078333453153, 2.069474908933807, 3.1615180813756676, 4.144109130526258, 2.9453273978063876], "((2, 1),)": [0.7551840660510647, 2.038268163087066, 2.7567691651759656, 4.10759019804591, 2.1184781122866565], "((0, 4),)": [0.5369302243293383, 1.1996203537443304, 2.10238130625683, 2.2123618131740117, 1.4981184174222673], "((3, 0),)": [0.8348732811432743, 1.8240076091566837, 2.3058848138182793, 2.7792608740402738, 1.9747528702969372], "((0, 2),)": [0.32211485304243687, 1.5845382161984403, 2.9311444114240723, 1.827331145589166, 2.36398853113536], "((3, 1),)": [1.4414946445126202, 2.355579021704977, 3.3285930685819833, 4.704874248766194, 2.9365041047936344]}}