{"meta": {"n": 2, "c": 1.0, "b": 3.0, "phi": 1.0, "sigma": 0.0, "rho": 0.0, "kappa": 1, "K": 1, "price_grid": [1.0, 1.25, 1.5, 1.75, 2.0], "observed_shocks": true, "mu": 1.5, "seed": 42, "n_actions": 5, "fp": "7f2bdad5599287e2582b93db"}, "Q": {"((2, 2),)": [1.4244107656676683, 1.7921320954079154, 3.0381692717107147, 2.9380688354505904, 2.291391522053914], "((3, 2),)": [1.3863806912052716, 3.171392866249757, 4.695029353357774, 4.746713959273975, 5.499390148231135], "((4, 3),)": [0.9657599548022038, 2.2246437311557066, 2.662535490952563, 2.81822790877463, 3.025413500358272], "((0, 4),)": [0.8532994382307975, 1.3439879530015484, 1.8980378702385483, 1.937368416767789, 1.579414152409919], "((3, 3),)": [1.526709905786252, 3.2086516343976017, 4.324957442242549, 5.471180512412374, 7.285362625069023], "((0, 2),)": [0.6124763043813944, 1.3676306686608015, 1.870496690137986, 2.2025845105560493, 1.6584524868989259], "((1, 4),)": [1.1365062550231206, 1.5755484443614542, 2.657959263341408, 2.474146067682812, 2.976229551259112], "((3, 4),)": [1.2154793145069491, 3.6917336732291015, 4.955240626048925, 6.240114287327165, 78.44035755386298], "((2, 1),)": [1.1146755240526873, 1.77335369717462, 2.183944549446722, 2.623810921237803, 1.9305462539040086], "((2, 0),)": [0.8423188448478212, 1.2480833393863746, 1.9403102323473713, 2.022087438835915, 1.6959706748571024], "((3, 1),)": [1.2864806849606842, 2.7803411170566004, 3.587177687975951, 4.599964789183282, 3.6768507171492875], "((4, 4),)": [1.2041140955260325, 2.2662623626803757, 2.7704456981515473, 2.962292227404622, 2.9971345399423774], "((3, 0),)": [0.9252521669716607, 1.5727342395110924, 2.5084130163499823, 2.1213187385997414, 2.2730175160552943], "((0, 3),)": [0.6394235759293982, 1.3728989072907734, 1.5412478416161697, 1.9292960514318815, 1.8675065330775396], "((1, 1),)": [0.7742233269033422, 1.9855056397470365, 2.4185794764545743, 2.344980668516797, 2.021634287875408], "((1, 3),)": [0.9986178339226247, 2.1331648957865004, 2.685680076931785, 2.909421295814521, 2.63457238630473], "((2, 4),)": [1.0731216205093934, 2.384092092592401, 2.8779858043734, 2.4311509516259253, 2.8483517870885127], "((1, 0),)": [0.7532593389058575, 1.2731353460506032, 1.7611609517331426, 1.33445952830216, 1.7273326463284673], "((0, 0),)": [0.3758044704767394, 1.032287609966926, 1.2247372641073264, 1.1361740780563694, 0.8786839447301592], "((2, 3),)": [0.9445729052152195, 2.3524786254164347, 2.8987797983526025, 2.688120270959485, 2.553542714807096], "((1, 2),)": [0.8929279811734591, 2.05478473263304, 2.8866786207032926, 2.7508875535427744, 2.7835625317286823], "((4, 1),)": [1.027348913985056, 1.7716588678578082, 2.5911885847923988, 2.6523264646622313, 2.6440163452684624], "((0, 1),)": [0.869316552619934, 1.1427573097999602, 1.4458648575555941, 1.8269557277993635, 1.0709579532407094], "((4, 0),)": [0.7410492404674437, 1.6378448178757676, 1.83148849850089, 1.6824449964608372, 1.5215830183049932], "((4, 2),)": [0.9652358510149189, 2.3239803149016605, 2.8337589143538704, 2.9235484979158057, 2.8849755888547]}}