{"meta": {"n": 2, "c": 1.0, "b": 3.0, "phi": 1.0, "sigma": 0.0, "rho": 0.0, "kappa": 1, "K": 1, "price_grid": [1.0, 1.25, 1.5, 1.75, 2.0], "observed_shocks": true, "mu": 1.5, "seed": 42, "n_actions": 5, "fp": "7f2bdad5599287e2582b93db"}, "Q": {"((2, 2),)": [1.2012501749466107, 2.3433981565927207, 10.206492891774566, 70.66067064513113, 4.634928071566832], "((2, 4),)": [1.5288475288595522, 2.806790900466267, 5.802135756916126, 4.730547275061181, 3.770108643864608], "((0, 1),)": [0.8926307320698935, 0.9832215507033197, 1.8857005479919233, 2.189390658962655, 1.5022941074807612], "((0, 0),)": [0.4355995183614133, 1.0156684999665773, 1.1087644001834784, 1.7199821850293922, 0.7332993343687104], "((0, 4),)": [0.9925603441249554, 1.0634660880855837, 2.3155011435622304, 2.246844430975954, 1.6124110433231817], "((2, 3),)": [1.5748096239182405, 2.9721774020338807, 70.66877747414574, 70.66143216836231, 4.613768574266874], "((0, 2),)": [0.7720083996050137, 1.8110744284274283, 2.140604817674636, 3.7500228193205167, 1.3427435881193064], "((4, 0),)": [0.8342083220272318, 1.4824608629220895, 2.6545370849666683, 1.8818428639752214, 1.6965144329747726], "((1, 0),)": [0.5819932160697144, 1.3975834932392208, 2.100955271929094, 2.372412631897344, 1.289063573028106], "((1, 1),)": [1.5024502432770062, 1.932175307781112, 2.3809231911139515, 2.9995168221431268, 2.0503816006792555], "((4, 3),)": [1.8801606770007235, 2.8076035313693892, 6.750189153383698, 6.385462496148987, 4.042894581868261], "((3, 1),)": [1.5849291273838895, 1.6944909357521316, 3.0180947269271527, 4.955594578577362, 2.8180985050462675], "((0, 3),)": [0.7239105728098538, 1.3640090319038192, 1.7902975791299105, 3.9789172131547232, 2.880882469610438], "((4, 4),)": [0.9854037021231636, 2.5546860594610177, 4.270655036083784, 5.092505823647628, 3.688704581187011], "((3, 4),)": [1.5376475200975082, 3.3352370428677407, 4.7737033095352865, 5.696450333458012, 3.4523075773719474], "((3, 2),)": [1.651302804042604, 2.7385741133882995, 9.676116498212762, 8.609155155442386, 4.745579177482355], "((1, 3),)": [1.3030385278236343, 2.276271691305995, 5.296326271891319, 5.8245285239554745, 3.953310047987114], "((3, 3),)": [1.6170697839315782, 3.7746432254184845, 8.41328634247147, 9.794775248939162, 5.033733632370731], "((2, 0),)": [1.1125945301829452, 1.8940313953775705, 1.7863424157849628, 2.3124577428292588, 1.6227277190052423], "((2, 1),)": [1.0451924752045145, 1.6781503595955718, 3.4886046792536116, 4.317029017316692, 2.9475762013259765], "((3, 0),)": [1.0413704010054983, 1.7379681019480462, 1.7124884416930355, 3.7016635842952135, 2.2237564467970983], "((1, 2),)": [1.0322092403604541, 2.292551531904006, 5.091693354048872, 5.16515030534941, 4.12122326084726], "((1, 4),)": [0.976472128460424, 2.3475013809612104, 4.055291609554459, 3.9052897353748177, 2.7404174537692123], "((4, 1),)": [0.89612771792546, 2.2601055125335594, 3.986962399653957, 3.7324393806125165, 2.6686250486109078], "((4, 2),)": [1.5800244440056141, 3.1596715216957025, 6.447060104395041, 6.39129151140584, 4.636038434912379]}}