{"meta": {"n": 2, "c": 1.0, "b": 3.0, "phi": 1.0, "sigma": 0.0, "rho": 0.0, "kappa": 10, "K": 1, "price_grid": [1.0, 1.25, 1.5, 1.75, 2.0], "observed_shocks": true, "mu": 1.5, "seed": 42, "n_actions": 5, "fp": "1f04fe2b2604634d0c1e9af0"}, "Q": {"((2, 2),)": [2.614124503612232, 64.24272577774217, 8.674391032342035, 3.954465619305504, 2.9557962878103443], "((4, 2),)": [1.1717289498805303, 1.5561566164180678, 2.099268422768271, 1.8151082931531064, 0.8621197877222117], "((3, 0),)": [0.8770196654711275, 1.2007176324193811, 2.171053390725416, 1.899789390267791, 1.4141154846078718], "((4, 4),)": [0.8862170985026728, 1.3943035914637483, 1.7492400127933896, 1.4460032410330141, 1.0405943712896049], "((0, 3),)": [0.876824600343354, 1.2491215897693644, 1.685455005867646, 1.7534308291409388, 1.0905642207637967], "((1, 0),)": [1.0351206815390546, 1.6065837018720066, 2.307101730281019, 2.3268228726160682, 1.2471513139367798], "((4, 0),)": [0.7120295750929792, 1.3215865832315186, 1.4221783757443058, 1.4801821740856358, 1.0182100326490693], "((0, 4),)": [0.7151248567619539, 1.5450641746850886, 1.112176949202192, 1.1178533698264257, 1.1229349530661348], "((1, 4),)": [1.1145962656830548, 2.670680607048475, 2.3874685048600917, 2.025171192992577, 1.2565580469137099], "((2, 0),)": [1.2764152971473597, 2.9015243924226786, 3.6827737311384747, 2.9416819550726605, 2.0881110191487333], "((3, 3),)": [1.3750031237308415, 2.45770993751583, 3.001222200009628, 2.1825358674817044, 1.6588813193719418], "((3, 1),)": [1.0819682420388284, 3.312615760412214, 3.2063811187473976, 2.70930158054441, 1.475100288434796], "((3, 2),)": [1.5151385992775623, 3.078733399436217, 2.581319492027772, 2.589434168563301, 1.6800612792394862], "((0, 2),)": [0.973421980604362, 1.540812331786105, 1.5714139332696235, 2.0992885913925443, 1.1267593658954638], "((4, 3),)": [1.2370984254341595, 1.7243400821429509, 2.00518825727085, 1.742810048350233, 1.0884175767484787], "((0, 1),)": [0.871064863803472, 1.767962112710141, 1.5613491127291699, 1.4361237067575536, 1.2011221715868983], "((1, 3),)": [1.1544088415960672, 2.7275287770641956, 4.010073637268339, 2.380742813171061, 2.0870443963010286], "((4, 1),)": [0.7801900622641226, 1.7651398968059238, 1.3547626853255355, 1.8706079798413595, 1.0115834973929387], "((1, 2),)": [1.937122210265587, 7.275252657194464, 4.804906528733091, 2.9962690038990707, 2.0088646459971815], "((2, 4),)": [1.6055447811792536, 3.359587469967768, 3.923640838431751, 3.153263895471548, 1.705006727079405], "((3, 4),)": [1.2003039773097859, 1.86425669412169, 2.655476021778877, 1.9091040407200435, 1.0096240614712526], "((2, 1),)": [2.624063251294351, 64.18749491939577, 8.471200277486485, 3.963694197524034, 2.6895532021479585], "((0, 0),)": [0.65928121062913, 1.3683632675288895, 1.3986586074852614, 0.9198242654361171, 0.5101073132145563], "((1, 1),)": [1.5059311224905814, 4.541884891051098, 64.2843184941114, 2.8692180247764276, 1.681081706355961], "((2, 3),)": [2.0732522702943674, 4.977043734396965, 5.065933079613005, 3.7663721883959838, 2.4946006160794316]}}