{"meta": {"n": 2, "c": 1.0, "b": 3.0, "phi": 1.0, "sigma": 0.0, "rho": 0.0, "kappa": 10, "K": 1, "price_grid": [1.0, 1.25, 1.5, 1.75, 2.0], "observed_shocks": true, "mu": 1.5, "seed": 42, "n_actions": 5, "fp": "1f04fe2b2604634d0c1e9af0"}, "Q": {"((2, 2),)": [1.9094747075436493, 5.016964028766019, 74.99128939784786, 4.038947391584441, 2.7543312818547876], "((3, 2),)": [1.6137730293701715, 4.410723392407588, 6.134735556366913, 3.5217115186410113, 2.4880356943076247], "((4, 3),)": [0.8550301613339983, 2.418751185693483, 2.5873414343453334, 1.530767601792967, 1.9352000112796635], "((0, 4),)": [1.095991659310873, 1.4939196559067218, 2.233932451307542, 1.425208443781647, 1.285069249194934], "((3, 3),)": [1.5060244157601863, 3.4145504154375974, 4.3819390589182765, 2.4158127435336922, 2.33859608890843], "((0, 2),)": [1.3533056972753277, 3.0937938986439097, 3.006947370867722, 2.304389562354355, 1.5519537067402778], "((1, 4),)": [1.2294659555085405, 3.2736440325927987, 2.6136175971151103, 2.7793233179533026, 1.8524273577864316], "((3, 4),)": [1.048149563473572, 2.803087122023748, 3.335391525996239, 2.357972799663454, 1.3730572016054485], "((2, 1),)": [2.082504726278907, 4.337188198998813, 5.930730026032404, 3.690233929850808, 2.1488433524916886], "((2, 0),)": [1.4298389892792958, 3.2977839574637313, 3.153536115291641, 1.0699538676535274, 1.275792126460641], "((3, 1),)": [1.6984456067330043, 4.043948336311924, 4.876434574468198, 3.6568846994477915, 2.4076459992537753], "((4, 4),)": [1.1667693702746453, 2.1223633504848043, 1.9642391574433278, 1.150198934664912, 1.3176048225188952], "((3, 0),)": [1.2033425200744758, 2.4307108684243652, 2.915337376712747, 2.185094993147959, 1.5309284682071431], "((0, 3),)": [0.8691211834656245, 2.0401167953793875, 2.168139564455293, 2.371471618927247, 1.7825910094572817], "((1, 1),)": [1.7981192315902683, 4.337782523162216, 4.60654088219972, 3.590396704313431, 2.156483887765521], "((1, 3),)": [1.6841471364939333, 4.005888990192215, 3.9602660099563596, 2.772080415675858, 2.0532404140983194], "((2, 4),)": [1.435284798486653, 3.551939691410057, 3.711254742317939, 2.57597266726352, 1.7023664055412897], "((0, 0),)": [0.6154606005246821, 1.5806095874005681, 1.8853607347245263, 1.1900142147927015, 0.8314504153430965], "((2, 3),)": [1.586123452218384, 4.29147458979446, 5.073980379480602, 3.4196818491535006, 2.010151109760003], "((1, 2),)": [2.010801080968153, 4.2208154161238705, 6.366212878086495, 3.1347669156262707, 2.2518232910627227], "((4, 1),)": [1.4544536999656794, 2.871311963097195, 3.010983078191528, 2.435408942800633, 2.0199280147101013], "((0, 1),)": [1.122099679054215, 3.2753674041004466, 2.035985352654804, 2.057650179010833, 1.7874874227827071], "((4, 0),)": [0.6778405108741328, 2.028974516173971, 1.7319070203786202, 1.448166653482755, 1.1629222239016659], "((1, 0),)": [1.064062094465338, 2.2529957971200556, 3.1735741621069424, 1.4727780136097446, 1.39610090114648], "((4, 2),)": [1.403588586172625, 2.437840870785283, 4.245799487702425, 3.2016397667104357, 1.7409305998158588]}}