{"meta": {"n": 2, "c": 1.0, "b": 3.0, "phi": 1.0, "sigma": 0.0, "rho": 0.0, "kappa": 10, "K": 1, "price_grid": [1.0, 1.25, 1.5, 1.75, 2.0], "observed_shocks": true, "mu": 1.5, "seed": 42, "n_actions": 5, "fp": "1f04fe2b2604634d0c1e9af0"}, "Q": {"((2, 2),)": [1.7865847908448476, 8.304502372485606, 7.66606211549854, 4.325728463238331, 2.7980240329659964], "((4, 4),)": [0.44920265365371825, 1.5375412415003316, 2.2509752761613537, 1.871351303357675, 0.5966253785474103], "((3, 3),)": [1.5433298024299709, 3.2496604201452675, 4.145390409030255, 2.6154245415534727, 1.5217938749052258], "((0, 1),)": [1.1628834347580963, 2.5843889909980113, 2.269328361186367, 1.6640955676175209, 1.1405707137724455], "((2, 4),)": [1.305763727725683, 2.4446969936016862, 3.681716177269605, 2.5081411309218593, 1.6252399198486664], "((1, 1),)": [1.5820783823495344, 43.74267237896488, 12.473198221023281, 3.72116362806239, 2.0743729167947698], "((0, 0),)": [0.5709946889963603, 1.4807583684682861, 0.9244853427273902, 0.8936914167131296, 1.0789450092587185], "((1, 0),)": [0.7557795144573631, 1.260434337742169, 2.7104515214012115, 1.5908217998092902, 0.8894496452320737], "((3, 4),)": [1.053672677856019, 2.156147548659731, 2.706761991296789, 1.7690369633423029, 1.248763985913584], "((1, 4),)": [1.2562140460481501, 2.708871430416898, 2.8532115294581546, 2.380010433575058, 1.519175422278371], "((4, 2),)": [1.2537152156209275, 3.5720536549359525, 3.869283973912263, 2.200256445940973, 1.3775565035770625], "((0, 3),)": [1.0017245289293655, 2.04484750194528, 1.910781479501874, 1.706045421580694, 1.3034161115347243], "((1, 2),)": [2.002993986888829, 8.44814598946006, 8.174279915800877, 4.793556666398519, 2.8097490863889028], "((2, 0),)": [0.9310996442223192, 2.0242960951832187, 2.6042170592350873, 2.07299543602057, 1.3957148776089818], "((2, 3),)": [1.4687385662791437, 4.557445477685744, 5.148326688528639, 3.241305750821711, 2.4093438861672247], "((3, 2),)": [1.7065988587751684, 5.520808237243488, 4.5379147599132565, 3.5594144200101994, 2.0139413485433426], "((4, 1),)": [1.2086053158666064, 1.2573728220500202, 3.9506300408169484, 2.3297317840630343, 1.4081670316832022], "((4, 3),)": [0.8691957773471971, 2.4526500865409995, 2.7964862027216983, 1.5324587420665903, 0.9403241467206142], "((4, 0),)": [0.5958256004560119, 1.730355697226104, 1.4054224554191261, 1.870280248526794, 0.5201374848960558], "((1, 3),)": [1.524923178717027, 4.893169467258939, 4.817437849777713, 3.1973103215140024, 2.279087246515172], "((2, 1),)": [2.3119333683042416, 13.425351137636982, 10.975441126420344, 4.194014076709577, 2.286716674041789], "((0, 4),)": [0.6139819701451222, 1.5331582568004296, 2.0352629752508626, 1.400677849647187, 1.036577759357297], "((3, 0),)": [1.1165326497022485, 1.908659536020932, 2.091245615677159, 2.054540128593257, 0.9220565322615513], "((0, 2),)": [0.9499580081794664, 2.8306032045371143, 3.4765773245779945, 2.6059367540159903, 1.550233990050636], "((3, 1),)": [1.4007201774967295, 4.691393933853314, 5.908164191717856, 3.304154548605591, 1.7161340280336241]}}