{"meta": {"n": 2, "c": 1.0, "b": 3.0, "phi": 1.0, "sigma": 0.0, "rho": 0.0, "kappa": 10, "K": 1, "price_grid": [1.0, 1.25, 1.5, 1.75, 2.0], "observed_shocks": true, "mu": 1.5, "seed": 42, "n_actions": 5, "fp": "1f04fe2b2604634d0c1e9af0"}, "Q": {"((2, 2),)": [1.8340736516655585, 9.935536586355484, 8.847171468137558, 5.097350910859351, 3.1176286939059135], "((4, 4),)": [1.0083974749153621, 1.319819591356671, 1.8540268428440019, 2.5039923398497175, 1.1554861575172992], "((3, 3),)": [1.1165397371418995, 2.440846085153037, 5.158076557860131, 2.712682399517092, 1.8701356060266148], "((0, 1),)": [1.0985656211036126, 1.9029870545103658, 3.3552101090751085, 2.1852073602777433, 0.9445471312846001], "((2, 4),)": [0.8445250664388274, 2.5852003047682657, 4.507877113887613, 2.5346051170372554, 1.9435878998658804], "((1, 1),)": [1.5594856887288226, 43.74368062660401, 9.928300427063556, 4.181408919281592, 2.0490044498054885], "((0, 0),)": [0.52952220953082, 0.8784751660197998, 1.6034107232218369, 1.6017062163143843, 0.709829355288783], "((1, 0),)": [0.8199947726381999, 1.7651778194948122, 2.806330026323373, 1.8997873501116582, 1.4628329657700674], "((3, 4),)": [0.9735576972186779, 2.7938025337409265, 3.119716380219307, 1.8226222677230381, 1.3447744578245058], "((1, 4),)": [0.9398664584077319, 3.252681713670954, 3.768664682950751, 2.2945190888811102, 1.274521449729981], "((4, 2),)": [0.7909020756253883, 2.904696623066346, 4.651509883530702, 3.509648898807208, 2.0095219980412944], "((0, 3),)": [0.9758718462549626, 2.64890430504532, 1.890339460882244, 1.949395977000227, 1.5625116026290673], "((1, 2),)": [1.6076665574434668, 10.878661692306565, 8.535211362574755, 5.328711930370158, 2.8773793608381197], "((2, 0),)": [0.970764335392368, 2.12323037932508, 3.6048275163046704, 1.9453986222957862, 1.198458817762766], "((2, 3),)": [1.3728567019301563, 5.376213156949527, 5.816908383144338, 3.6592065316353906, 2.2912128927321596], "((3, 2),)": [1.7339758659572573, 6.095426228863098, 5.670355071277818, 3.4253925107295964, 2.680643294757534], "((4, 1),)": [1.0664754759742963, 1.80393611962281, 4.715249108117052, 2.6180585053893433, 1.3336428490202772], "((4, 3),)": [1.4571500280148417, 1.9026040296120157, 3.682907165294886, 1.5820134845222396, 1.0048954189037225], "((4, 0),)": [0.6664242220201878, 1.1872059321112371, 2.0004292688038965, 1.7847064272380706, 1.2549780658095435], "((1, 3),)": [1.206166337228422, 3.6966295607070485, 5.978646118803392, 3.713417597932111, 1.9019984949180164], "((2, 1),)": [1.2941862248267655, 17.88995723065881, 9.448819627221624, 3.6580285155746965, 2.664454009886826], "((0, 4),)": [0.565023641305396, 1.604790196258314, 2.707187139312481, 1.2192708567358999, 1.0512797629007224], "((3, 0),)": [0.9284179175323238, 1.6902845378078153, 2.4576411417495345, 1.940247524993713, 1.9092814953612471], "((0, 2),)": [0.859238726562248, 2.381338584248922, 4.414371759537797, 2.9488549413807705, 1.702713234181537], "((3, 1),)": [1.326625853580026, 5.672354817454497, 6.786087548196632, 2.9607840465158226, 1.839561332350166]}}