{"meta": {"n": 2, "c": 1.0, "b": 3.0, "phi": 1.0, "sigma": 0.0, "rho": 0.0, "kappa": 10, "K": 1, "price_grid": [1.0, 1.25, 1.5, 1.75, 2.0], "observed_shocks": true, "mu": 1.5, "seed": 42, "n_actions": 5, "fp": "1f04fe2b2604634d0c1e9af0"}, "Q": {"((2, 2),)": [1.9576024208722393, 4.682977771471077, 74.99122504183607, 4.492179953270636, 2.5716380273696293], "((3, 2),)": [1.823706514036052, 3.916739517810808, 5.367223998492311, 3.997636640631334, 2.4395002010757354], "((4, 3),)": [1.101515008746186, 2.2884978877925395, 2.0064514223379297, 2.414266137907231, 1.400457171232862], "((0, 4),)": [0.8078204828625806, 1.577621807661143, 1.807882284807945, 1.9071910613903251, 0.9791304326779634], "((3, 3),)": [1.5480299671511522, 3.071570275691947, 3.7476332836300483, 3.295736989871121, 1.9067593460008851], "((0, 2),)": [1.257087837977832, 2.7737481670246917, 2.6568827055556996, 2.5798056876614823, 1.0226486694287873], "((1, 4),)": [1.1450720269241157, 2.8104132848166796, 2.6744588517785832, 2.6705058463538967, 1.7561922430388286], "((3, 4),)": [1.178399184806325, 2.3345278631332707, 3.3065637505264935, 2.3246468075882354, 1.2691452879649048], "((2, 1),)": [2.0783762180052623, 4.1732319833575025, 5.163578658777648, 3.777839726118407, 2.144577119316649], "((2, 0),)": [1.0845747846843015, 1.740886930439049, 3.1369405132331116, 2.108722829326587, 1.4377649424564172], "((3, 1),)": [1.4793721021923996, 3.5306986242833003, 4.200487447163415, 3.740669155545744, 2.078092598166769], "((4, 4),)": [0.8927785466607684, 1.7021256368933158, 1.687047037041852, 1.9754768525738964, 0.9373813558526126], "((3, 0),)": [1.0972973316230326, 1.7626226900011883, 2.6047442648292294, 2.444437982407045, 1.4815805628605543], "((0, 3),)": [1.039427879269237, 1.9638141691294908, 2.250353724619042, 2.482949596982088, 1.1630484773335734], "((1, 1),)": [1.602017873409183, 3.9323143470648327, 4.057501657338747, 3.4264562256762985, 2.301973545022785], "((1, 3),)": [1.653309061099906, 3.0848123610294573, 3.7870885061567225, 3.046615561494731, 1.553720259470552], "((2, 4),)": [1.2792112091217833, 2.0877712478665638, 3.5363962209526885, 2.996091799662144, 1.4571325718082637], "((0, 0),)": [0.6630451281843946, 1.5367255435405793, 1.5900058134808117, 1.4021540666903476, 0.6276418320831311], "((2, 3),)": [1.8811392238913875, 3.5210256594559493, 4.403824638087398, 3.7057380046946875, 2.1357633712969304], "((1, 2),)": [1.6833157452600245, 3.5880055862099685, 5.447267191328223, 4.240712615304553, 1.9083911317139182], "((4, 1),)": [1.4833133271938506, 2.5217613370645124, 3.09086316634826, 2.245844574686028, 1.7253790390785715], "((0, 1),)": [1.0227285136476485, 2.1371936143938495, 2.725810299118188, 2.43636725300516, 1.4240632551344525], "((4, 0),)": [0.7651731206563481, 1.6433541437085812, 1.7580325770292842, 1.808972006184945, 0.7694105092827348], "((1, 0),)": [0.9868699110235595, 1.9760489470725935, 2.0795615231357987, 2.378234319160821, 1.6407797988720925], "((4, 2),)": [1.1702660966362761, 3.1257759766303654, 3.479661815264635, 3.1286145562998624, 1.382241576156288]}}