{"meta": {"n": 2, "c": 1.0, "b": 3.0, "phi": 1.0, "sigma": 0.0, "rho": 0.0, "kappa": 10, "K": 1, "price_grid": [1.0, 1.25, 1.5, 1.75, 2.0], "observed_shocks": true, "mu": 1.5, "seed": 42, "n_actions": 5, "fp": "1f04fe2b2604634d0c1e9af0"}, "Q": {"((2, 2),)": [1.566572507971576, 7.321725314796885, 39.88035119052291, 4.575396212944223, 2.1023049890534553], "((4, 2),)": [0.789478128123514, 2.391101713908676, 3.0956243920352637, 1.9282966105336952, 0.9099702027755315], "((3, 0),)": [0.8200569791541985, 2.507688296968556, 3.3098842352395437, 2.38801698798834, 0.9395494481445358], "((4, 4),)": [0.8694136411975475, 1.7112942849908628, 2.4393468331376735, 1.5825085126132228, 1.2302232965026172], "((0, 3),)": [0.7948809424229506, 1.5387842224822688, 2.47954372527643, 1.874732275653392, 1.2790398020519747], "((1, 0),)": [1.2437213442688049, 2.67587498937408, 2.9853475529353988, 2.95918052980239, 1.6558937022388744], "((4, 0),)": [0.46877490314456555, 1.5874412741567163, 2.251969994444378, 1.9174034150006185, 0.610057701202608], "((0, 4),)": [0.7331890844606297, 1.9039803323198516, 1.165385190837332, 1.7682053574044172, 1.2371816694360653], "((1, 4),)": [0.7220139471824982, 1.9756914242140626, 4.578374095694233, 2.2798892299057276, 1.2182905831174955], "((2, 0),)": [1.218423764275035, 2.702699272514969, 6.287312255739416, 3.3488271682503963, 1.3024447360518672], "((3, 3),)": [1.0888454592745356, 2.909757005614933, 4.860269736000378, 2.5905606323374153, 1.4488753628749376], "((3, 1),)": [1.202781892398581, 2.6460574218630555, 5.862477800312159, 2.8026066882487815, 1.4442806030160398], "((3, 2),)": [1.2606947268644952, 4.122501898289632, 4.945091105026389, 2.854143367034126, 1.688457194393268], "((0, 2),)": [1.0516589095686875, 2.684793993470509, 1.94969242458369, 2.3944539683259056, 1.3082856384359975], "((4, 3),)": [1.345738359510297, 1.5464543740201775, 3.117270263503829, 2.014602760261844, 1.4425628409327946], "((0, 1),)": [1.0021880232070668, 1.4240641619147458, 2.9910136994695415, 1.6777025128696066, 0.8994054624583697], "((1, 3),)": [1.3456467398779555, 3.31167641410901, 6.168653189563076, 2.526233051077519, 1.6347519854118016], "((4, 1),)": [0.9861847924663013, 2.126949904787352, 2.527369506528884, 2.1139647643019845, 1.0614320789944072], "((1, 2),)": [1.1750377828842231, 3.571591100990083, 8.221479676419639, 3.6001480613501453, 1.3473394005731698], "((2, 4),)": [1.2164848874689131, 4.070009953700212, 6.581225896726054, 2.844820305153597, 1.6843661167502768], "((3, 4),)": [0.6526382899091125, 2.3230258296894832, 4.165787971582186, 1.8690555333536183, 0.9630978611921055], "((2, 1),)": [1.7402175059389116, 40.04921215666474, 39.861175432937664, 3.832510340285032, 1.7932290823903396], "((0, 0),)": [0.4140399826782673, 0.9696879232889971, 1.9103124888593048, 1.2897423647914912, 0.7042335494908459], "((1, 1),)": [1.2314528100454236, 4.456521298506012, 40.043314617581224, 2.7806468172556578, 1.3795680949437286], "((2, 3),)": [1.105892800615422, 4.672321245900165, 7.563330068953881, 3.8115394045990887, 1.9882962353014202]}}