{"meta": {"n": 2, "c": 1.0, "b": 3.0, "phi": 1.0, "sigma": 0.0, "rho": 0.0, "kappa": 10, "K": 1, "price_grid": [1.0, 1.25, 1.5, 1.75, 2.0], "observed_shocks": true, "mu": 1.5, "seed": 42, "n_actions": 5, "fp": "1f04fe2b2604634d0c1e9af0"}, "Q": {"((2, 2),)": [2.2466003702449933, 9.35552408442416, 5.391537294792252, 4.13914318822284, 2.5940011589147947], "((2, 4),)": [1.0399600219954677, 2.3493249170232797, 2.0670338595592788, 1.9478058693944424, 1.6409045863366087], "((0, 1),)": [0.9021252880492413, 3.34584262070582, 2.761314226651782, 1.9258698062873656, 1.276944899611028], "((0, 0),)": [0.8140706121277694, 1.2374461117054951, 1.128321155538477, 1.0467205727452853, 1.0596729405186895], "((0, 4),)": [0.7325867191594363, 0.7439641441857019, 1.643867260280695, 1.577390026024558, 0.7857710725838517], "((2, 3),)": [1.4547337413059995, 5.129838447898021, 4.553071000664868, 3.3005317811834596, 2.1387319209426314], "((0, 2),)": [1.5823254622814331, 2.620438736096144, 2.973946789709309, 2.4265376491898696, 1.7246766170461105], "((4, 0),)": [0.9061985289649322, 1.4116363242015075, 1.6422225056655146, 1.2914274575464237, 1.0588156019638395], "((1, 0),)": [0.711194225250598, 1.9510652368079666, 2.5153159363619078, 2.1474266721627586, 1.3066541602144253], "((1, 1),)": [1.849750166913822, 43.74199858059947, 8.634140007943055, 3.6239635717628147, 2.5337506911381698], "((4, 3),)": [0.9338949430710118, 2.8004126756651657, 2.5602149462209294, 2.104584271011611, 1.5712291695942606], "((3, 1),)": [1.448419009082138, 5.038250536659312, 4.595846776208136, 3.690409689289028, 2.202227733935167], "((0, 3),)": [0.9192292342739956, 2.4851726560896834, 2.0818181900118224, 1.6628905115806192, 1.3191079968851511], "((4, 4),)": [0.8044215261945945, 1.4755283874390406, 1.9217842312975226, 1.432651397813672, 0.880143092209634], "((3, 4),)": [0.8843219461082176, 2.0097545403443364, 2.051332124503404, 2.1436530052685008, 1.5556681284259137], "((3, 2),)": [1.668098771059595, 5.574643747582934, 4.595120750327575, 3.6580518806837965, 2.319911296199498], "((1, 3),)": [1.454068723458362, 6.115760730695682, 5.360275686163003, 3.4210971842109235, 2.273274974792011], "((3, 3),)": [1.5469717878538405, 4.156816314527921, 2.8334999563097973, 2.499922771427095, 2.2404280621483115], "((2, 0),)": [0.8829335891454578, 2.738436854787446, 2.898693448256457, 2.209235824993324, 1.2536122420967517], "((2, 1),)": [1.8792418970634086, 9.722745313558956, 5.7613238600239285, 4.085438774764166, 2.3292612243688895], "((3, 0),)": [0.9289690255012151, 1.9078297409338907, 2.0253990244630105, 1.7127164338891068, 1.6590545113614852], "((1, 2),)": [2.0255126650215582, 22.114309986604674, 8.59121918417906, 4.390515628812973, 2.336261322399096], "((1, 4),)": [1.036720907891394, 2.3229114167786302, 2.687617100513939, 1.8172359956172999, 1.6686131029768438], "((4, 1),)": [1.0398188980041383, 2.6448238334409226, 3.557291730128126, 2.270614448269915, 1.7419109442581049], "((4, 2),)": [1.6320555618399242, 3.9078480597095213, 3.394678418756817, 2.625181756832153, 1.7351374125149357]}}