{"meta": {"n": 2, "c": 1.0, "b": 3.0, "phi": 1.0, "sigma": 0.0, "rho": 0.0, "kappa": 10, "K": 1, "price_grid": [1.0, 1.25, 1.5, 1.75, 2.0], "observed_shocks": true, "mu": 1.5, "seed": 42, "n_actions": 5, "fp": "1f04fe2b2604634d0c1e9af0"}, "Q": {"((2, 2),)": [2.1786278461353623, 7.593232285461656, 7.104635507515287, 4.903944523495024, 2.533772100711684], "((2, 4),)": [1.1516864828653919, 2.855970175073935, 3.104231593145317, 2.0631403438233344, 1.4785334622916713], "((0, 1),)": [1.2916787284527211, 1.4669391420453481, 4.108228351423433, 2.6531646618646736, 1.1711294677832456], "((0, 0),)": [0.44790668358452235, 1.1970671917349205, 1.527637721700141, 1.7095196387696552, 0.8482270827285248], "((0, 4),)": [0.7216166575832157, 1.0690826182020305, 2.2367073642117323, 1.4829523408339707, 0.7568750661743086], "((2, 3),)": [2.057334243543524, 5.2857090539414235, 5.583966620137479, 3.650629511990633, 1.6730722168087777], "((0, 2),)": [1.4026311574232473, 3.1933407289064384, 3.3824319089321677, 3.377862539573832, 1.0461408296051187], "((4, 0),)": [0.9849739961540576, 1.6131474276687647, 2.0896848522960227, 1.4878821910742515, 0.9069052193547349], "((1, 0),)": [1.1181777772718267, 3.182993139516001, 2.8055347216498707, 2.110824076018559, 1.057290252583986], "((1, 1),)": [1.702883505746334, 43.74072417786124, 17.074323569843443, 5.056472383795814, 2.0023413491539404], "((4, 3),)": [1.0394488207533383, 2.9469961065150727, 3.4973900335259387, 2.2358500987665284, 1.316225972912766], "((3, 1),)": [1.865941255325981, 3.2237762888910275, 5.852657797404009, 3.7639829944727325, 1.853740807254022], "((0, 3),)": [1.2845345863819084, 2.5284938922684344, 2.630634437606436, 2.34549946801929, 1.5111001870991685], "((4, 4),)": [0.8361854859178465, 1.678089834722197, 2.3028915795129765, 1.7294671135389752, 0.8472550679403229], "((3, 4),)": [1.1170399864886162, 2.312179140235063, 2.993624181547103, 2.3604610930844956, 1.3784575176565068], "((3, 2),)": [2.197048827220776, 5.501006105911312, 5.67072805561463, 3.738738358366651, 1.5358352141046425], "((1, 3),)": [1.7497656956846936, 5.674808078778783, 6.1868065472315115, 3.5810027343965154, 1.6684135970176497], "((3, 3),)": [1.4252762427424048, 3.9510175071298876, 4.537558968471384, 2.8678494661949494, 1.9618689102382612], "((2, 0),)": [1.3542309461969135, 1.9704293754132016, 4.021564260684483, 2.277347396501092, 1.2346789398144193], "((2, 1),)": [2.0426055292825755, 7.579624205548774, 7.433787237403866, 4.608060971374182, 1.7711389082539144], "((3, 0),)": [0.8197538413549692, 2.5624000241144054, 2.9562913766261687, 1.6534751868656747, 1.2308872775276891], "((1, 2),)": [1.5540311085460377, 18.176483492876883, 9.424628505450123, 5.138434988149095, 2.201481301198119], "((1, 4),)": [1.15113276945546, 2.932712291799432, 3.15439766184025, 2.3404611294022137, 1.5967612634151331], "((4, 1),)": [0.8756290492313816, 3.416964176320129, 4.261811175649389, 2.873209056559289, 1.4173482826715778], "((4, 2),)": [1.879031133040059, 3.332649321963653, 4.561193056461313, 3.4098983003084693, 1.269281563845289]}}