{"meta": {"n": 3, "c": 1.0, "a": 2.0, "a0": 0.0, "mu": 1.5, "price_grid": [1.0, 1.2, 1.4, 1.6, 1.8], "K": 0, "seed": 42, "m": 15, "xi": 0.1, "b": 3.0, "phi": 0.8, "sigma": 0.08, "rho": 0.0, "observed_shocks": false, "kappa": 0.0, "n_actions": 5, "fp": "9a9fe37a812f9be613e5cf33"}, "Q": {"((2, 2, 2),)": [0.6233024275080952, 0.7231934449633817, 1.1433261736067966, 1.0695278208041368, 1.3788791438255084], "((2, 4, 0),)": [0.7546122764554524, 0.9369790515289214, 0.8870917481218492, 1.13788941189781, 1.367992915270898], "((1, 0, 0),)": [0.39577922186717596, 0.5756333036650523, 0.6715585065725529, 0.6727672712968968, 0.7236227982804909], "((0, 4, 0),)": [0.4267263694407498, 0.689917514234903, 0.7194815132280199, 0.9523797052419591, 1.1352063301267337], "((4, 2, 3),)": [0.9270120560954551, 1.202834323247346, 1.372181912323182, 1.980639600193066, 2.212646445389286], "((0, 2, 4),)": [0.6684434169223419, 0.80215530428127, 1.158810903494103, 1.0904181073790093, 1.4111187633798608], "((0, 1, 0),)": [0.4688731502981168, 0.46563477804136055, 0.6519157986333294, 0.7257045411222616, 0.7091915954322937], "((1, 1, 0),)": [0.5837779586651417, 0.5658427717987317, 0.6275044992719008, 0.6087234412083039, 0.8692718043963001], "((0, 4, 3),)": [0.5766146111083226, 0.7278250768332657, 1.1092166118284406, 1.4291419651201918, 1.7243156487382292], "((3, 1, 0),)": [0.40668991668942217, 0.5106481127476773, 0.8700359631015003, 1.0127164124682553, 0.9757643010678473], "((3, 4, 4),)": [1.1422955019694185, 1.3146689464422665, 2.421313302013058, 2.45942446841586, 2.951530419807096], "((3, 4, 0),)": [0.7784801453607112, 0.7194555941451171, 1.155142404690913, 1.1433778610645773, 1.5139187619673358], "((1, 4, 0),)": [0.6360311479441109, 0.6812805807999964, 0.7637470221558671, 0.947520782473588, 1.3736609335629113], "((2, 4, 3),)": [1.0383138466359432, 1.086131118763749, 1.5945240566426724, 1.91690006384855, 2.2626128644948147], "((2, 0, 1),)": [0.5125285088203789, 0.5454932461595647, 0.7761832829420566, 0.9096191299484729, 0.8473637523427892], "((1, 0, 1),)": [0.5061455860570427, 0.4290564740656643, 0.6421322834746384, 0.6643305206549062, 0.8822393442037779], "((3, 3, 3),)": [1.133774994021527, 1.225133311202821, 1.5266507864074403, 1.911605036191636, 2.241896290056794], "((1, 2, 1),)": [0.4811316551455743, 0.6689081359575855, 0.9565328973428854, 1.0100956519375959, 0.8886531571652314], "((2, 2, 3),)": [0.6104827150115143, 0.8719505017126824, 1.3434505321853094, 1.4391427723043566, 1.8261552613890033], "((1, 0, 2),)": [0.5399083503474058, 0.6197004139521866, 0.7960063350327562, 0.8523092795541125, 0.9643653131670119], "((3, 0, 2),)": [0.7284750914937128, 0.6649464724743587, 1.062404865101069, 1.3132729528797653, 0.8608300039350473], "((4, 0, 0),)": [0.5068217836256121, 0.5772984569311778, 0.8565185756342407, 0.9374826467069479, 0.718053719507667], "((2, 3, 3),)": [0.8085003315440054, 0.9505120976011828, 1.459639097146831, 1.5544114089341086, 1.9332701111906454], "((4, 2, 0),)": [0.6832644935340269, 0.7891710918039739, 0.9946853561348032, 0.9550345284456789, 1.1302551841766082], "((1, 3, 1),)": [0.6164604508991756, 0.6800094150446205, 0.7332103025696536, 0.9741502927593579, 1.0486516950396363], "((0, 0, 0),)": [0.3927511658801883, 0.38805597172091916, 0.489974145402321, 0.7289130923577912, 0.8088530217134352], "((4, 0, 4),)": [0.843970350741856, 0.9655924630078088, 1.3206250232796435, 1.259089924240189, 1.7485012072137422], "((2, 4, 2),)": [0.9124093080117613, 1.0112176259666894, 1.1207742374211713, 1.6764150758893128, 2.275556728348027], "((1, 4, 1),)": [0.5507233075767126, 0.7997055395309207, 0.9724701191196007, 1.01145010205369, 1.386670895911812], "((0, 0, 2),)": [0.37377451812932344, 0.47410517211527736, 0.8110392630324267, 0.7427573533164112, 0.8758726487239518], "((4, 2, 4),)": [0.9390876837938517, 1.1348282892185653, 1.6147793125409509, 1.9049813694801858, 2.367934341014674], "((1, 1, 4),)": [0.6064419267069502, 0.8239537035052964, 0.8050094397197222, 1.1082467430089031, 1.2684038090592882], "((1, 4, 4),)": [0.9476306381607137, 1.0439972005818157, 1.7010663624384526, 1.6779537828152375, 1.8911188273002861], "((3, 3, 2),)": [0.771624833747536, 0.8309351635650923, 1.3357478790989772, 1.436350013826331, 2.053420015120939], "((0, 3, 0),)": [0.3828141759265619, 0.4894793854957535, 0.6719179719839169, 0.7007438604206219, 0.9985362111643338], "((2, 2, 4),)": [0.7798800924807909, 1.0651920527936696, 1.2546182531118983, 1.5756204865906542, 1.898904031603388], "((1, 1, 1),)": [0.3367644292651316, 0.6212293686649681, 0.7431060555929476, 0.6928972173434371, 0.9477044420184185], "((0, 3, 1),)": [0.5019039338348829, 0.7868426841590015, 0.7088188208161105, 0.8716647951738081, 1.0756088370372336], "((0, 3, 4),)": [0.6586947753274996, 0.8841378361566984, 1.1273002356566388, 1.2015598944467845, 1.883912502921727], "((0, 4, 2),)": [0.6847383541524205, 0.594988087739338, 0.858394698897301, 1.5289487851307944, 1.4768223657261863], "((2, 3, 0),)": [0.4466818426348463, 0.7554426138454643, 0.8055085882035261, 1.1559977011353078, 0.8371064263272563], "((4, 4, 2),)": [0.7915978743454083, 1.188214283900175, 1.8959376050500651, 1.806561889691919, 2.810288663218653], "((0, 3, 3),)": [0.7743378303032562, 0.7342787077062038, 1.149425221253321, 1.2842211363514866, 1.2255472116007753], "((1, 4, 2),)": [0.7461981649289873, 0.8267573360353607, 0.9319570748285493, 1.502644789396184, 1.5851888585705107], "((4, 4, 3),)": [1.2622964280640656, 1.2504791905553163, 2.143840221025373, 2.412460240031355, 3.238564535728515], "((1, 2, 2),)": [0.6120432956461009, 0.6717084199359407, 1.0017077128792107, 0.838938548664111, 1.2914502615232901], "((4, 1, 3),)": [0.7821767474672239, 0.8122298762608562, 1.5603137477485354, 1.5387360944664341, 1.563586270552695], "((4, 1, 0),)": [0.5037539008236094, 0.631709182537946, 0.8933869588511644, 1.107929072762409, 0.9620399705231767], "((1, 0, 3),)": [0.5412643166279897, 0.690045809390999, 0.6656557851982193, 0.8596846672693568, 0.9495485641096946], "((4, 2, 1),)": [0.7651073058322886, 0.8302073398600586, 1.0319923799169672, 1.1681666950701404, 1.4072010490575548], "((3, 3, 1),)": [0.7484118026740096, 0.9395192506746516, 1.0847609886009213, 1.0555141946679854, 1.5628885210980816], "((2, 1, 4),)": [0.560543604509231, 0.9239607130372088, 1.0816571723638562, 1.1750696655106319, 1.5334695490626478], "((4, 0, 2),)": [0.7394256670039141, 0.737113620440982, 1.0078338688189898, 0.9589893709725446, 1.339977870494646], "((0, 4, 1),)": [0.611643700887206, 0.7482131922746464, 1.0501020252160065, 1.0079203742139973, 1.04050103101738], "((0, 3, 2),)": [0.6755836416642103, 0.7116047432555705, 0.8573838989131961, 1.0398668422567652, 1.1899483876474728], "((0, 4, 4),)": [0.6869296344535151, 0.9315987955182989, 1.3527263112969519, 1.5409193643340577, 1.6694330854026274], "((4, 0, 3),)": [0.7684204101552488, 0.8084865452405895, 1.1959312574341732, 1.0678480736278997, 1.4634250241771318], "((4, 4, 0),)": [0.7264685950235138, 0.6814267858876429, 1.1887175815197437, 1.5923358045392495, 1.5559181954123067], "((1, 1, 2),)": [0.5253981922045862, 0.6057896043899781, 0.7075799623017269, 0.8000022825399552, 1.0417272627296046], "((1, 3, 4),)": [0.5569709196944819, 1.1031587955482014, 1.1930189011151584, 1.4872817610031304, 1.4598923572421152], "((1, 1, 3),)": [0.6465870523959852, 0.634479112311521, 1.0331317279696026, 0.96528751279163, 1.0895966049150232], "((2, 0, 2),)": [0.5052543578877561, 0.6310785490163334, 0.8247112696801813, 0.921978346585962, 1.0127821946837356], "((2, 0, 0),)": [0.3075949981624777, 0.6812400216833137, 0.7886255356489928, 0.6539249021722633, 0.8691717391824781], "((1, 3, 0),)": [0.47342687570587394, 0.4701607269607572, 0.7247460489089684, 1.0080989953598902, 0.9734800083057857], "((4, 2, 2),)": [0.7322860561145011, 0.8710519744290574, 1.5271052517802686, 1.5523541137001202, 1.7809211583915558],