{"meta": {"n": 3, "c": 1.0, "a": 2.0, "a0": 0.0, "mu": 1.5, "price_grid": [1.0, 1.2, 1.4, 1.6, 1.8], "K": 0, "seed": 42, "m": 15, "xi": 0.1, "b": 3.0, "phi": 0.8, "sigma": 0.08, "rho": 0.0, "observed_shocks": false, "kappa": 0.0, "n_actions": 5, "fp": "9a9fe37a812f9be613e5cf33"}, "Q": {"((2, 2, 2),)": [0.6981064439900727, 0.9278450659936978, 0.9000560808267279, 1.3143634145500631, 1.2084768227594662], "((4, 4, 3),)": [1.0661173485674778, 1.4356971338018172, 1.626361120707101, 2.4054044057354367, 3.7276036892936997], "((3, 0, 1),)": [0.5121738453580177, 0.5974673693206167, 0.6815918263026698, 0.9163126140397325, 0.9335157575096051], "((2, 4, 1),)": [0.7183656666654336, 0.724287814006169, 1.1979778460153914, 1.4919806664204596, 1.3125875667607811], "((1, 0, 0),)": [0.3227427646191192, 0.4741852789980788, 0.5100189889502136, 0.5181801487736467, 0.6354005002775696], "((1, 1, 1),)": [0.4585022174779302, 0.5507147594906435, 0.6275892479620765, 0.8137135942349191, 0.9619557362062058], "((0, 0, 1),)": [0.40413800046766046, 0.5093120648270478, 0.6338531627885462, 0.5678792742468063, 0.7398214443095382], "((4, 1, 4),)": [0.9372138173435614, 0.9477449758985512, 1.3234276756795902, 1.8151182654952487, 1.9031662635044313], "((1, 0, 2),)": [0.5392804536570888, 0.47340584350740017, 0.6433854113045491, 0.7062521173700275, 0.9436045624538312], "((2, 4, 2),)": [0.765917114373302, 0.7484877193126405, 1.1351758739407005, 1.4804959276526592, 1.633923342423625], "((0, 3, 1),)": [0.3614420730431245, 0.6724566398351554, 0.7593449323979921, 0.7787190864087583, 1.0377148420925968], "((0, 2, 0),)": [0.3215773741880558, 0.4987846393688514, 0.7386378327411118, 0.8890268228361512, 0.8632034688214545], "((2, 3, 1),)": [0.6409317599445322, 0.8721734837162559, 0.9175613588330664, 0.9940286530496625, 1.292071650144821], "((4, 4, 2),)": [0.8777144024541161, 1.109215152228649, 1.5844665840561414, 1.7168625335589252, 2.4677035983975135], "((3, 2, 2),)": [0.5974180898392966, 0.757085123475531, 1.0277869964590887, 1.446921384799145, 1.4972707652649773], "((4, 4, 1),)": [0.6515839027952681, 0.9828366478784879, 1.369680655083259, 1.621828527376473, 1.6936019843877645], "((3, 3, 4),)": [0.7362460579475071, 1.3674561708396096, 1.521714338768611, 2.1710115568734767, 2.856586489360326], "((3, 4, 0),)": [0.3904612648987247, 0.8762257212644288, 1.1750624633048552, 1.1670872055093684, 1.2873719081866257], "((1, 4, 1),)": [0.6447014592599423, 0.7851058650667891, 0.9376685048575039, 0.7931378429996264, 1.0296147373689128], "((2, 2, 1),)": [0.41883583941129604, 0.8015890733976236, 0.8456347453688162, 1.0028976798409126, 1.0831552913719251], "((2, 1, 0),)": [0.5135727582046181, 0.6019447021096844, 0.673525120670372, 0.9819419696191187, 0.8778082019311692], "((0, 2, 2),)": [0.47532393071649676, 0.7247004028559293, 0.8058234480453401, 0.8993748434757125, 0.8890165086670282], "((0, 0, 0),)": [0.3384882097802995, 0.45450478765144225, 0.3497657418905704, 0.5009335559385498, 0.6326624201257717], "((2, 0, 4),)": [0.6254596863312061, 0.6771983507511796, 0.9854048527616949, 1.0159735477381973, 1.4223788065293048], "((2, 1, 1),)": [0.44851587857886305, 0.7463257845768607, 0.9679800642010088, 1.0348096276383882, 0.9687846987626032], "((1, 3, 1),)": [0.46936313378911654, 0.6832092192816549, 0.7885827588762361, 1.0436778982204489, 1.1291754681769985], "((0, 2, 3),)": [0.5804613758756143, 0.6686976062557148, 0.7868167392167706, 0.986905484025844, 1.1985060448112246], "((4, 3, 3),)": [0.7544232936914601, 1.0285401005179917, 1.741099758492569, 1.921613931806113, 3.011799056428729], "((3, 4, 1),)": [0.8171616915281169, 0.9590422756865264, 1.0826310398216872, 1.2946763923911606, 1.5996257908173057], "((4, 2, 2),)": [0.7098314976491742, 0.8640732977711365, 1.220161548719209, 1.4872843074217832, 1.5056400047440368], "((1, 2, 0),)": [0.41669154103728556, 0.48879861762047694, 0.7206174403128829, 0.6165809153722464, 0.9202534892471025], "((1, 2, 3),)": [0.7381169651122004, 0.830959616896917, 0.9441570907033161, 1.1667554019921882, 1.0729078814881305], "((0, 1, 1),)": [0.3915405821540953, 0.46815690792822884, 0.6155198384717646, 0.7143175706986427, 0.7721592354665695], "((0, 3, 4),)": [0.6757303429339726, 0.7468059485271379, 0.9859470703959228, 1.2557272907716306, 1.2493169338231236], "((1, 3, 0),)": [0.532860272552038, 0.6429097345698102, 0.7520719287010402, 0.7729328442371393, 1.069002482921691], "((4, 0, 3),)": [0.6338693437687526, 0.9709795080823472, 1.1227750806933279, 1.388801775917637, 1.5805191570927741], "((0, 1, 0),)": [0.3114627513695675, 0.46944187176905067, 0.4280493355042462, 0.5708606135531836, 0.769293459084017], "((2, 0, 3),)": [0.5437063684818119, 0.7453522317537639, 0.9150028238364525, 0.7929099840653354, 1.0360337658924141], "((0, 1, 3),)": [0.46356159049121626, 0.6775258301033286, 0.937529757315594, 1.0441297306056267, 1.0640212308929313], "((4, 0, 1),)": [0.5134937180364896, 0.6355017867830822, 0.9254078422404322, 0.9795949101747878, 0.8765018333250095], "((2, 4, 0),)": [0.6109381055582266, 0.6324913367693206, 0.9463624723701514, 1.1970858369956343, 1.1063379102961401], "((1, 0, 3),)": [0.45859100382849516, 0.8539110113321358, 0.6801516181590418, 0.9746804864947192, 1.1271944653837938], "((0, 0, 3),)": [0.39094600539435576, 0.5950541010400827, 0.7163815541604297, 0.7429024293412776, 0.9152269375534378], "((1, 0, 4),)": [0.4660233080867846, 0.6707822669473744, 0.7891205471352191, 0.9884135399115036, 1.1125691039688879], "((4, 3, 2),)": [0.9192135835244071, 1.232896919241823, 1.3508272647187867, 1.8094775620274182, 2.1205415091298514], "((4, 4, 0),)": [0.6577297008504727, 0.8378163066700418, 0.8773423523762245, 1.555525390320028, 1.6614120045120775], "((1, 2, 4),)": [0.703363589784362, 0.8231564805723837, 0.9660509474743342, 1.2564420055742276, 1.0304031194151033], "((4, 3, 4),)": [1.0163343549419328, 1.2495863111776726, 1.5747159652902867, 2.116409554869389, 4.090895121520711], "((2, 0, 1),)": [0.5802302763534988, 0.6163180065425766, 0.5540977813752436, 1.0238063215000004, 0.8085244856977263], "((1, 3, 2),)": [0.5478776240310305, 0.5964823130982527, 1.0360401663843308, 1.2826185264840524, 1.1387200787028837], "((2, 2, 3),)": [0.6999486407849016, 0.9635350121012609, 1.1727623820723168, 1.3666676970061045, 1.47097451963014], "((2, 3, 0),)": [0.4765700354317587, 0.8320695024461263, 0.7495608350245511, 0.9553220733033625, 1.1205542046615729], "((3, 1, 4),)": [0.8088255916761127, 0.9644500770354179, 1.213013688200358, 1.2864979858640682, 1.8104350681524894], "((4, 4, 4),)": [1.2117602535777556, 1.3836435424489073, 2.0905577075859862, 3.811900330535158, 68.80556218793393], "((4, 0, 4),)": [0.6698667470590193, 0.9372644775256556, 1.0231077748977482, 1.1997901249337586, 1.8241979118220666], "((2, 3, 3),)": [0.663184576402078, 0.9468101424459198, 1.355904233482554, 1.5015290019719276, 1.915860490330705], "((4, 3, 0),)": [0.5488224104636082, 0.8120413700961348, 1.0125577013879612, 1.2055462465152973, 1.4429089187314603], "((4, 2, 0),)": [0.5385220330123831, 0.7247064119414339, 0.9543612028359957, 1.0184600116059919, 1.057106430590194], "((4, 2, 1),)": [0.6677925336525796, 0.7133752783441794, 1.0126017142325354, 1.4693619172756032, 1.3425042694381704], "((4, 3, 1),)": [0.6803404025163884, 0.8292764369284851, 0.9359376151712402, 1.492614780139014, 1.5642093205932524], "((0, 4, 3),)": [0.5983928323308001, 0.7907024965819072, 1.2492698648501892, 1.1429303165429208, 1.3719137012784803], "((0, 1, 4),)": [0.4753767720608859, 0.7945161378820342, 0.829051400552229, 0.890067271936133, 1.0374148631955626], "((1, 2, 1),)": [0.5046485344802307, 0.4458796347168421, 0.5854135283775876, 0.9453400980902207, 0.9409992325680921], "((2, 1, 3),)": [0.6952453800001772, 0.8193860482103804, 0.9404451717673338, 1.151217775554466, 1.2195244169577035], "((1, 1, 0),)": [0.2996036352525886, 0.5198000161444132, 0.6905373044132457, 0.6491027137836493, 0.9415205660958983],