{"meta": {"n": 3, "c": 1.0, "a": 2.0, "a0": 0.0, "mu": 1.5, "price_grid": [1.0, 1.2, 1.4, 1.6, 1.8], "K": 0, "seed": 42, "m": 15, "xi": 0.1, "b": 3.0, "phi": 0.8, "sigma": 0.08, "rho": 0.0, "observed_shocks": false, "kappa": 0.0, "n_actions": 5, "fp": "9a9fe37a812f9be613e5cf33"}, "Q": {"((2, 2, 2),)": [0.6993354788066539, 0.7002541166039645, 1.1267140580487347, 1.4438847922169575, 1.4945023611019117], "((4, 2, 2),)": [0.6728688013198658, 1.1461602357871896, 1.3056648771178243, 1.610663736616105, 2.170149786760049], "((2, 3, 0),)": [0.4452957897772811, 0.621420679539012, 0.9040944620245027, 1.0729464461050793, 1.4286682346612642], "((4, 2, 3),)": [0.8128403258643669, 1.1818277558862262, 1.6305890660939542, 1.5723352841570937, 2.5704024879845586], "((0, 4, 4),)": [0.7481794617312731, 0.9645956415739304, 1.3198179221525403, 1.7222485770874794, 1.9297960481234318], "((0, 3, 4),)": [0.537932766063732, 0.9567837950831066, 0.9947724685403563, 1.4382118887336715, 1.9435970279285528], "((4, 1, 0),)": [0.6395842284126055, 0.7565044218104986, 0.7237083174824089, 0.8975075033417699, 1.2499548677457766], "((4, 0, 0),)": [0.44500835540856815, 0.663080949544037, 0.7746935988879421, 0.8541697806046304, 0.8439153887244355], "((4, 1, 4),)": [0.7065840680510783, 0.9492695529620624, 1.4137909199222691, 1.518001533869902, 2.0397732469330556], "((4, 2, 1),)": [0.7104823702156935, 0.7965107197287956, 1.0744237704438746, 1.3531439913523644, 1.6269254582938077], "((0, 2, 0),)": [0.5983247833571756, 0.5071108742233705, 0.5624079325572342, 0.6563795293796022, 0.8294723283443668], "((3, 3, 3),)": [0.6500458416282069, 1.0579202175322897, 1.4916757929045257, 2.1515731045803888, 2.962847726597813], "((1, 3, 1),)": [0.5858532470560277, 0.727641099267437, 0.6942347122243513, 1.0213515489562415, 1.2852089018175659], "((3, 2, 3),)": [0.7495989457508072, 0.8835465515955894, 1.28140350640846, 1.7360470024825985, 2.065917350897517], "((3, 3, 0),)": [0.45857189317912417, 0.73920576263069, 1.1993889437324787, 1.3062929270994839, 1.3100630843289862], "((3, 4, 3),)": [0.9395288727492612, 1.3111898087149836, 1.4804529848595152, 2.673638740999566, 3.3775386789971553], "((0, 1, 0),)": [0.33997136074479256, 0.4880476933482087, 0.594883523351354, 0.695729184268831, 0.7112314836856938], "((3, 1, 3),)": [0.4998340762902948, 0.8293260845137329, 1.036525235123336, 1.4673243954002904, 1.9597484635973088], "((0, 0, 2),)": [0.3768112347793116, 0.6470240579008348, 0.47953734869545717, 0.8976382878152507, 0.838845746584681], "((3, 4, 0),)": [0.5779774331356158, 0.8358616519314692, 1.1361122107568113, 1.6412613908309588, 1.784072346718903], "((0, 0, 1),)": [0.4326320862270949, 0.5195279851446083, 0.8151766059311432, 0.7125989914779965, 0.5992614594694261], "((1, 0, 0),)": [0.387112852025998, 0.36601458221316574, 0.7558859627170452, 0.7683039325025011, 0.8837050486118206], "((2, 4, 3),)": [0.8388343851169331, 1.1547500699526048, 1.4232126224990402, 2.0533376406196604, 2.6543641615002453], "((2, 2, 0),)": [0.4877161563517181, 0.6324795472269698, 0.8837733287933666, 1.0905458515353517, 1.116671194179411], "((2, 4, 0),)": [0.6322070841184534, 0.6905414379658952, 0.8193255699969877, 1.0339198026699146, 1.6631359474202303], "((1, 2, 0),)": [0.4249758872771987, 0.6235697862408663, 0.7221691246835885, 0.6874706976322617, 0.9691360997300571], "((3, 2, 2),)": [0.7518544930916216, 0.733082838574064, 1.021912256221468, 1.4362483260097687, 1.9569722753544825], "((0, 3, 1),)": [0.5527638942227594, 0.6335366211905766, 0.6720045565138374, 1.1860877269245382, 1.1525598639852475], "((4, 0, 2),)": [0.4705004760882935, 0.48746528406120837, 0.8273942257400955, 1.2696891474335987, 1.5404813663876324], "((4, 3, 0),)": [0.7744519553026343, 0.9147610042942798, 0.9905465912640969, 1.3397193175617352, 1.3787514249401036], "((2, 3, 4),)": [0.9017309116340229, 1.207908096214235, 1.5266067092871731, 1.9763370103552802, 2.4291695579669486], "((2, 0, 3),)": [0.5335691307851631, 0.7503922178586641, 0.9599460882655351, 0.9567748127087286, 1.2862066598097899], "((3, 4, 4),)": [1.0527918809058037, 1.4484282447165626, 1.9604999870271864, 2.538928206934461, 3.682796784937759], "((4, 3, 4),)": [1.2531682579623893, 1.4943706963268684, 1.638553540346249, 2.8226190245509146, 3.913507984092598], "((0, 2, 1),)": [0.42243006344288747, 0.6186086089659185, 0.5740552018992807, 0.7931002609817817, 0.9994115244126203], "((0, 3, 2),)": [0.6367361251859577, 0.6874283445418945, 0.718234694050961, 1.0955108463497436, 1.3264644321680399], "((1, 1, 3),)": [0.519811225446308, 0.5919505416161855, 0.6634033856313537, 1.2616368631229122, 1.2142286106295619], "((2, 2, 4),)": [0.7578185434466602, 1.0715569625568322, 1.1769071951876562, 1.5748993401139755, 1.9394536390517088], "((0, 3, 0),)": [0.40690752996578783, 0.3928389270308981, 0.6432933524628063, 1.111007629252131, 1.001918019498001], "((1, 4, 3),)": [0.7044070094860587, 1.0235475633032023, 1.5765729492832614, 1.5394975096589976, 2.1941110566168014], "((0, 4, 1),)": [0.6393971454295786, 0.7311321456981464, 1.0674810817463642, 0.8999611056304312, 1.3879773195646512], "((3, 1, 4),)": [0.6532488951585284, 1.0192078500493824, 1.2354133819394615, 1.7570164187014243, 1.8177597409367696], "((3, 0, 0),)": [0.4005945286813134, 0.53204860425947, 0.6578698175039571, 0.8901221720485618, 0.8943382738102014], "((0, 0, 3),)": [0.5055128781545689, 0.4199149402771784, 0.6394771065555298, 0.8390399958512478, 1.0280540135526024], "((3, 2, 0),)": [0.6463696768457247, 0.6816948593815376, 0.7811059525199241, 1.0264179707823864, 1.2239924922956626], "((4, 2, 4),)": [0.9405859672442107, 1.0458345024387732, 1.7688998996642618, 2.0583821867198937, 2.536889837535311], "((4, 0, 1),)": [0.46950821409353916, 0.7590414389368809, 0.860482658039425, 0.9109325097077401, 1.1465751452422255], "((1, 1, 1),)": [0.5001968242997734, 0.460605824189861, 0.5807116466523785, 0.8473836658967265, 0.9380724765030629], "((1, 1, 0),)": [0.34410598092523365, 0.45539698802110673, 0.6957655195730055, 0.7611386633390262, 0.5757326031007372], "((1, 2, 3),)": [0.6337036967416829, 0.785583819693466, 1.0362467626841214, 1.5030450496471044, 1.4439482024272996], "((3, 4, 1),)": [0.9945189639648051, 0.9835047766179154, 1.2237876613576177, 1.7377743526060128, 1.9994232305038824], "((0, 0, 4),)": [0.5941799666809857, 0.635607025073803, 0.7724859682943199, 0.8712482796198235, 0.9852530527451882], "((3, 1, 1),)": [0.58360313212989, 0.5710248696791935, 0.9364558466827853, 0.9047207182340149, 1.319647908984257], "((1, 2, 2),)": [0.480619511553203, 0.680820063433679, 1.0952751399344216, 1.1056965067503812, 1.3968768793573387], "((2, 1, 3),)": [0.4931589203464188, 0.8358480347511102, 0.974646971867874, 1.4387896457281566, 1.2173854781025837], "((4, 1, 3),)": [0.6868480395757913, 0.7061259908656179, 1.0918896702215493, 1.796077523560948, 1.822032166052405], "((0, 1, 3),)": [0.47639318414579973, 0.7543879117005479, 0.7734657932574104, 0.9610427948677163, 0.98424059222002], "((0, 3, 3),)": [0.49985441514607176, 0.8524781984492884, 1.0582527729856714, 1.297813333751782, 1.5265985827022608], "((1, 2, 1),)": [0.38189448928782493, 0.558875279989594, 0.9229288056127971, 0.9445001712971015, 1.1288909376152418], "((0, 2, 2),)": [0.454265475881938, 0.8023665247328811, 0.8438686688295728, 0.9199919732316124, 1.2813953359116614], "((3, 0, 4),)": [0.5505826717287047, 0.7647437878838061, 1.0835663091489096, 1.2411433494575865, 1.657204927382624], "((0, 1, 1),)": [0.43327635188076163, 0.5568944742163511, 0.6418257142797018, 0.7868067156687466, 1.0001150595019093], "((2, 1, 4),)": [0.7158719228377208, 0.9240610319944632, 1.1607261552420414, 1.2610064035096327, 1.4944230997755055], "((3, 0, 3),)": [0.5042189441932954, 0.616908191522762, 1.0085142072365985, 1.4797801187533008, 1.3136119799213604], "((0, 2, 3),)": [0.8025579606549235, 0.7790229196025439, 0.8744709194273688, 1.2875840405964016, 1.3134562497511921],