{"meta": {"n": 3, "c": 1.0, "a": 2.0, "a0": 0.0, "mu": 1.5, "price_grid": [1.0, 1.2, 1.4, 1.6, 1.8], "K": 0, "seed": 42, "m": 15, "xi": 0.1, "b": 3.0, "phi": 0.8, "sigma": 0.08, "rho": 0.0, "observed_shocks": false, "kappa": 0.0, "n_actions": 5, "fp": "9a9fe37a812f9be613e5cf33"}, "Q": {"((2, 2, 2),)": [0.7087664282113446, 0.7421007224258328, 1.0055531242678435, 1.3221166462284148, 1.407202934099926], "((4, 4, 3),)": [1.1618609503957593, 1.3817044438925232, 1.959485960316331, 2.7107252202413017, 3.788898328822914], "((3, 0, 1),)": [0.5091327789927077, 0.6308700095878668, 0.7700034317357041, 0.839331270896933, 1.0457544973774135], "((2, 4, 1),)": [0.6907297056452754, 0.7991749491412244, 1.2397166322226045, 1.3711339377390848, 1.6193177411490314], "((1, 0, 0),)": [0.3244410594959623, 0.48244222370787204, 0.4386129112795236, 0.5322896972784543, 0.7200952911333944], "((1, 1, 1),)": [0.4848769093678724, 0.5888831094728066, 0.7292267827702243, 0.7924820887914014, 0.9652315124190903], "((0, 0, 1),)": [0.4042137234166678, 0.5369683188424488, 0.5438232943623404, 0.7835858660502121, 0.6427522229387169], "((4, 1, 4),)": [0.7322132495887689, 0.9108441803899174, 1.219325339239046, 1.7425996098200962, 2.1284332487511928], "((1, 0, 2),)": [0.5153165136691266, 0.6207225485665242, 0.7617082414900188, 0.6940168359069042, 0.8924801325769297], "((2, 4, 2),)": [0.8021269781468686, 0.8750164348865999, 1.1721316200935838, 1.543963437349307, 1.7071142412077807], "((0, 3, 1),)": [0.5283867653525051, 0.6349516014693268, 0.7621691262355029, 0.656751782283775, 1.1447170432849996], "((0, 2, 0),)": [0.43970638373151816, 0.5066355766302879, 0.7701384411163175, 0.8180007006176071, 0.9640099982258588], "((2, 3, 1),)": [0.4863235655318877, 0.7155384267745757, 0.9363397625058334, 1.0099410779813363, 1.4693496887064021], "((4, 4, 2),)": [0.8167130882004497, 1.1291216162884439, 1.5123415450030016, 2.079749240736953, 2.4228921593768615], "((3, 2, 2),)": [0.7350927382609235, 0.9707412038590355, 0.9772240487808384, 1.3953066773436609, 1.6110852715363784], "((4, 4, 1),)": [0.6362921492449248, 0.8756007216083673, 1.2219390368150642, 1.510441016276229, 1.9591971327903421], "((3, 3, 4),)": [1.0226208507320464, 1.0885793478573784, 1.6553065584453395, 2.330239879004926, 2.871956821251265], "((3, 4, 0),)": [0.596148560231219, 0.8870585539274428, 1.1883351459388312, 1.1733689287903504, 1.3944057426308227], "((1, 4, 1),)": [0.462443122065774, 0.7335659623697163, 0.9909997172452989, 0.9771584625204415, 1.102048891275367], "((2, 2, 1),)": [0.5764763988869186, 0.7168767998093316, 0.8142864041730312, 0.8995825953873543, 1.2976680474389526], "((2, 1, 0),)": [0.5476156999153031, 0.4521451605737893, 0.676230151465289, 0.8706711908006595, 1.1203116898764378], "((0, 2, 2),)": [0.44712172725797444, 0.5951680479635966, 0.7215319056890991, 0.908714401536392, 1.1040128817230146], "((0, 0, 0),)": [0.3343837547775663, 0.36261662396953465, 0.544699155854842, 0.4356177227608121, 0.655718267381511], "((2, 0, 4),)": [0.6254385202563582, 0.6953165592160865, 1.0133729790008656, 1.1991443282462382, 1.3928414476174553], "((2, 1, 1),)": [0.42008093809823, 0.8655943161901983, 0.8651295096756118, 1.0571608109461519, 1.1325991390743901], "((1, 3, 1),)": [0.6780308838182914, 0.7089610018164263, 0.6860413889680554, 1.0928277489515394, 1.1346421768027932], "((0, 2, 3),)": [0.5536312146417172, 0.7316328519289639, 0.9471982686477105, 1.1654422984741135, 1.0586786531548094], "((4, 3, 3),)": [0.7472361143029784, 1.2868208847868396, 1.658389701125146, 2.169688971253579, 3.080195820344141], "((3, 4, 1),)": [0.8389282181044868, 1.0541608187101956, 1.1834324832502927, 1.3240585747532918, 1.6838446821584678], "((4, 2, 2),)": [0.6848217464213189, 0.8467323900505633, 1.0586801944516826, 1.7462197817347467, 1.4533579861668955], "((1, 2, 0),)": [0.40724536357284014, 0.6266032012054166, 0.6082780123428714, 0.8473459641336978, 0.8325558772775535], "((1, 2, 3),)": [0.49909119985694406, 0.7598855878814084, 0.9016965848208842, 1.3478911298109846, 1.1139320437379134], "((0, 1, 1),)": [0.41756108387163043, 0.42128169317395425, 0.6833263683113429, 0.6735039625476714, 0.8262168087718881], "((0, 3, 4),)": [0.6194662917650987, 0.8035454443079451, 1.0584641981052132, 1.2744771366301646, 1.3636635480516928], "((1, 3, 0),)": [0.3903809343053552, 0.6128410981459403, 0.8149985014066077, 0.8978541913653527, 1.0651743646241805], "((4, 0, 3),)": [0.6529468299061711, 0.7892342839793525, 1.077210899028622, 1.6344459011047823, 1.6144689089547808], "((0, 1, 0),)": [0.38433462877145746, 0.5202194660867967, 0.4181583153687784, 0.6283563152820301, 0.6969366173428446], "((2, 0, 3),)": [0.4990583250011017, 0.6507303080627844, 0.9281055281391617, 0.9459381584329895, 1.0862563797455418], "((0, 1, 3),)": [0.6319005082255751, 0.6700916825319095, 0.77254164710211, 0.92993406518335, 1.3402193602481274], "((4, 0, 1),)": [0.5137806221459862, 0.6362937171846519, 0.7622552297892833, 0.9401167942661225, 1.1674651982126123], "((2, 4, 0),)": [0.6478934041779153, 0.8065124759114606, 0.8264124476754034, 1.2060664116445674, 1.24968690824259], "((1, 0, 3),)": [0.5219040058118204, 0.6935090257279002, 0.8852123147885688, 0.9531940376041738, 1.2283773945129957], "((0, 0, 3),)": [0.2931662390642597, 0.5996372570551584, 0.8909937438177893, 0.8640015925232283, 0.7402962726034192], "((1, 0, 4),)": [0.6161196794762446, 0.708106960735303, 0.9826619499853592, 1.0417099616346928, 0.9183042429406517], "((4, 3, 2),)": [0.762930392327251, 0.9159393106699961, 1.4785359460667622, 1.8258391681604036, 2.2512619529981004], "((4, 4, 0),)": [0.5995051434703255, 0.8694066171057775, 0.9125308308068474, 1.3657404972143117, 1.911776224386689], "((1, 2, 4),)": [0.7131526250487271, 0.943355831657698, 1.0031329779024052, 1.2279992763110306, 1.153252593151327], "((4, 3, 4),)": [0.9045988364128772, 1.4281652992401692, 1.7084804612423357, 2.9962699131781334, 4.160185447599378], "((2, 0, 1),)": [0.4466389935981431, 0.7043534780281666, 0.6803272674313735, 0.8661839849739786, 1.0432305741811085], "((1, 3, 2),)": [0.565507323788808, 0.877373983810741, 1.0874779070236025, 1.2716528217681191, 1.1772298291435868], "((2, 2, 3),)": [0.6832748274579434, 0.7299877580487852, 1.1228307235484798, 1.4851635130226204, 1.598299305193143], "((2, 3, 0),)": [0.4640614689560697, 0.6399806703992655, 0.8014218434385356, 1.0058814786153243, 1.2642118749131894], "((3, 1, 4),)": [0.6520407993048576, 0.9373056382277777, 1.1696399021864834, 1.3561565859425628, 1.8898118341204913], "((4, 4, 4),)": [0.9951959638518021, 1.4339694763440163, 2.009994504871365, 3.3742793681486614, 68.80556218793393], "((4, 0, 4),)": [0.6032634027400932, 1.128194397182667, 1.3469855492677696, 1.3438494847133395, 1.8185995050897104], "((2, 3, 3),)": [0.784294215298484, 0.956105553790225, 1.4369516429082108, 1.665402594991803, 1.9185576429188094], "((4, 3, 0),)": [0.5613925097837011, 0.7359586328545625, 0.9651042179798301, 1.3008869147820488, 1.525434825588262], "((4, 2, 0),)": [0.6096804093773004, 0.6986474036011457, 0.8068105133281457, 0.9982973007309685, 1.27368480479956], "((4, 2, 1),)": [0.6168290688723336, 0.7840849243282682, 1.0842341812863434, 1.2226314192231063, 1.6714951445107256], "((4, 3, 1),)": [0.7264363087313699, 1.1959949136131547, 1.3991229251178727, 1.0896801866886878, 1.6368646898902077], "((0, 4, 3),)": [0.46305761724283456, 0.9984957730983237, 1.0578241800489594, 1.2830188347995404, 1.514250896200947], "((0, 1, 4),)": [0.7210684161896789, 0.5821453493544197, 0.8351489207311287, 0.8881308053063273, 1.1481298423036317], "((1, 2, 1),)": [0.5104472472913401, 0.694514106951715, 0.7914700540907499, 0.7394581387565325, 0.9202390584174751], "((2, 1, 3),)": [0.4109908520495257, 0.7960359830114703, 1.0922645460359124, 1.3411409879942415, 1.1719253365194437], "((1, 1, 0),)": [0.44439757460423784, 0.4612103984747091, 0.6313029616050106, 0.8347995882326581, 0.8987526452602259],