{"meta": {"n": 3, "c": 1.0, "a": 2.0, "a0": 0.0, "mu": 1.5, "price_grid": [1.0, 1.2, 1.4, 1.6, 1.8], "K": 0, "seed": 42, "m": 15, "xi": 0.1, "b": 3.0, "phi": 0.8, "sigma": 0.08, "rho": 0.0, "observed_shocks": false, "kappa": 0.0, "n_actions": 5, "fp": "9a9fe37a812f9be613e5cf33"}, "Q": {"((2, 2, 2),)": [0.632001611331201, 0.7122494073822547, 1.1768649063791379, 1.2297173391724865, 1.3774607088211406], "((3, 2, 4),)": [0.8595920776520682, 1.1671238627868954, 1.3855438767993848, 1.8847248876958616, 2.869129095231117], "((3, 0, 4),)": [0.6245878888601005, 0.7563260598721081, 0.9427149910449861, 1.482884685008262, 1.5236957593261835], "((3, 3, 0),)": [0.6975424571736484, 0.7938320065663385, 0.9877165631275429, 1.2059919084899928, 1.3497807209537886], "((2, 1, 4),)": [0.881341225124967, 0.7674789810010005, 1.2988579179457587, 1.5251925097356112, 1.6029995192033524], "((3, 4, 2),)": [0.8792285854490497, 0.8854759524793323, 1.388263964452937, 1.9578308657556767, 2.035560185599967], "((1, 2, 0),)": [0.4536716281501853, 0.5601006736155152, 0.7810404281873055, 0.8407748535600724, 0.9022202280238474], "((4, 3, 3),)": [1.0039461905818037, 1.077811062610739, 1.666485299294364, 2.187420974652202, 2.953772238930835], "((1, 4, 4),)": [0.8805023115749747, 0.8712418618655359, 1.2825322151328833, 1.7679581641085858, 2.3271124247480244], "((3, 0, 2),)": [0.6357497614402222, 0.7607026239530754, 0.7461136613796865, 0.9109150044788568, 1.2830493220696675], "((0, 0, 3),)": [0.41853342115763864, 0.4786918518490604, 0.8283224197606677, 1.013068865594235, 0.898789169566598], "((3, 4, 1),)": [0.7763504100013747, 0.8746904366818027, 1.2979397335814866, 1.3833932228749912, 1.8377006522859254], "((0, 2, 1),)": [0.41457449476502306, 0.660237378508447, 0.7692013707540731, 0.7410932929918808, 1.0463398224581477], "((3, 1, 4),)": [0.7837321977378555, 1.0442602829574419, 1.0885032110473682, 1.8356059953800279, 2.1350595337319187], "((4, 1, 1),)": [0.7211100836914547, 0.6457065740381908, 0.8131451131466972, 1.092389221571312, 1.5018912947283154], "((3, 0, 0),)": [0.6136000414676528, 0.6090143922732265, 0.6275683814150562, 0.8519618898434466, 0.8686749473025771], "((0, 3, 3),)": [0.43232839205424195, 0.8707592743343734, 0.8618236093548209, 1.2501702728973731, 1.3909663466507463], "((3, 3, 2),)": [0.6422398505509445, 1.0585543701981248, 1.092278010456243, 1.7436733982843062, 2.1446297267748853], "((2, 0, 0),)": [0.5808948052316139, 0.4396156100562148, 0.5217117051456183, 0.7941541454557178, 0.8282242537332375], "((3, 2, 2),)": [0.8342665127277371, 0.9868011956015196, 1.0462471611484112, 1.3962449785191495, 2.052713850293714], "((2, 1, 0),)": [0.4278426335538308, 0.6734753828402472, 0.5587435288731722, 1.0412161131756548, 0.9441859417586166], "((2, 1, 2),)": [0.638653682044274, 0.7799185020318379, 0.8193229061318599, 1.137272400968182, 1.2077321287937322], "((4, 1, 0),)": [0.6308410305199176, 0.539537233816299, 0.9764625512169116, 1.206857587097956, 1.175825878936453], "((1, 1, 3),)": [0.4952846628086975, 0.7888212681593578, 1.0653686902782051, 0.8820821506287818, 1.2336050746710443], "((2, 3, 3),)": [0.6869152754791669, 0.999820547939097, 1.1766243432537076, 1.7543839764682325, 2.079892047069533], "((2, 4, 0),)": [0.5858717866477197, 0.783061677660226, 0.8667736181570104, 1.041445467180847, 1.428189286598394], "((2, 0, 2),)": [0.4299322572992419, 0.38597793497529104, 0.8656211372688982, 0.9057489644385337, 1.1051803150962707], "((0, 3, 2),)": [0.5935628330462427, 0.8811221690822191, 0.6509370001581178, 0.9810535396031304, 1.5050209834741075], "((1, 0, 0),)": [0.49448857787691497, 0.5795355784364107, 0.569558727699715, 0.6380172647685896, 0.8314049694674197], "((4, 4, 3),)": [0.9646626141614882, 1.2398267728348993, 1.7351084868639648, 2.291490092429155, 3.221718353091787], "((1, 4, 3),)": [0.7541397398835601, 0.9774812734835248, 1.2728789386020678, 1.8197217294408057, 1.7771992717997573], "((3, 2, 1),)": [0.6826996378736523, 0.8226360124611224, 1.0099416933818923, 1.2614695289461761, 1.421707577714089], "((0, 4, 2),)": [0.5641151731873385, 0.7072106708163348, 1.0551046031232332, 1.2850630212000396, 1.1064767344288533], "((1, 1, 2),)": [0.46058909603897535, 0.6651492181122671, 0.8668663766693434, 0.971961536047757, 1.0744841577710529], "((0, 4, 3),)": [0.8477791184070507, 0.8729299580353185, 0.9612430850311071, 1.174213538927753, 1.5648699985715722], "((3, 2, 3),)": [0.8604576183557099, 0.9574061473363862, 1.2229125623870176, 1.5425283101385563, 2.374780230809281], "((2, 3, 0),)": [0.6597249995177717, 0.7113788557921658, 0.8121140873448436, 0.9305929159553992, 1.1214705191482355], "((2, 0, 4),)": [0.6570885742577695, 0.7615577916855948, 1.0905942620597115, 1.1945952723950921, 1.4559062685186637], "((2, 4, 2),)": [0.7812176709591075, 0.859219734209916, 1.2920090053527922, 1.721854820691075, 1.7483086276633284], "((2, 1, 1),)": [0.5482037977273571, 0.5754683241273927, 0.8107062689713668, 1.1182149884347892, 0.8524290362807074], "((2, 2, 0),)": [0.5615756517785029, 0.5652468895197978, 0.7476323917971278, 0.8877913789203024, 1.257100025468131], "((4, 4, 0),)": [0.5924071567738829, 0.9895265789551322, 1.1395958740879668, 1.2428522846670789, 2.03796000018369], "((2, 0, 3),)": [0.7004609552334287, 0.6053899121639872, 0.7707449798548864, 1.1994545026860726, 1.1140397860852573], "((1, 3, 3),)": [0.7506925262687915, 0.8009596167870493, 0.9947775204998636, 1.3071120144309785, 2.1899120424002496], "((1, 0, 2),)": [0.5192016156241807, 0.6565661926979541, 0.5815391717246366, 0.953732343335464, 0.9391134213821893], "((1, 4, 1),)": [0.62565737767532, 0.5843475210913721, 1.0506674100643347, 1.2746340229614612, 1.050710552233148], "((0, 0, 2),)": [0.28928096785656393, 0.5790343404951392, 0.46189157668817377, 0.6870219049912403, 0.8650570347968749], "((4, 4, 2),)": [1.000106800890463, 1.1133662726571787, 1.5103313378420133, 1.7951171444867553, 2.5578866715625965], "((1, 0, 3),)": [0.5524380419334116, 0.7174596964206535, 0.8810410891037859, 1.1204090580719857, 1.0077058741568419], "((0, 4, 0),)": [0.4071026958464849, 0.5644976789899062, 0.7874126509884773, 0.8168331057667875, 1.0398465172477478], "((0, 2, 4),)": [0.6809282535829434, 0.8880198581976964, 1.0389911058669374, 1.1088896039427971, 1.4764933844930812], "((0, 1, 3),)": [0.5027509169906543, 0.7581475216545853, 0.8201807598344644, 0.8638680573108501, 1.1702962151004885], "((4, 2, 0),)": [0.6874922928573414, 0.6902094870383084, 0.7027635561132183, 1.1465865938074162, 1.636347183579174], "((0, 1, 0),)": [0.4416951585650445, 0.5002030632728146, 0.5054406543178043, 0.7265319453628489, 0.8263242285439549], "((0, 0, 4),)": [0.42677640812475115, 0.5149736241316335, 1.013919588064758, 1.149807680270396, 0.7545540464312797], "((4, 0, 2),)": [0.7059073342892037, 0.8902706416951156, 1.0081627521860361, 1.1628395031668848, 1.4505798948831048], "((4, 3, 1),)": [0.6901363750326411, 0.8428495255055001, 1.094083770003084, 1.3303083756056524, 1.8668906516251733], "((2, 3, 4),)": [0.7906027778266544, 1.0876669605157245, 1.499248439002234, 1.793922443443872, 2.8758927114288375], "((3, 4, 0),)": [0.6163982992233867, 0.7046116072773771, 1.037736537806862, 1.3840180136679805, 1.6490029805234179], "((0, 2, 0),)": [0.4702331713067863, 0.39035249288090856, 0.7427965417827406, 0.7548425265140316, 1.0258988122816253], "((4, 0, 1),)": [0.4954393058995927, 0.6236203784839803, 0.9922175467302712, 0.8852499820809356, 1.1614840199789696], "((0, 0, 0),)": [0.38293870424115695, 0.3739290149042876, 0.4685039684922043, 0.6233175736580557, 0.8593176759208475], "((2, 3, 1),)": [0.7322397448392294, 0.641465428910461, 0.8685057918126554, 1.2105895001321445, 1.401228765474272], "((1, 2, 4),)": [0.6433759516040256, 0.7199865630665929, 1.0805144725984361, 1.3410886325182176, 1.6701737867471556], "((4, 0, 0),)": [0.5466295840490104, 0.6631790705546194, 0.7121887936914122, 0.8055836173240811, 0.9381029681911159],