{"meta": {"n": 3, "c": 1.0, "a": 2.0, "a0": 0.0, "mu": 1.5, "price_grid": [1.0, 1.2, 1.4, 1.6, 1.8], "K": 0, "seed": 42, "m": 15, "xi": 0.1, "b": 3.0, "phi": 0.8, "sigma": 0.08, "rho": 0.0, "observed_shocks": false, "kappa": 0.0, "n_actions": 5, "fp": "9a9fe37a812f9be613e5cf33"}, "Q": {"((2, 2, 2),)": [0.6595942414530568, 0.860968445329038, 0.8684411340234501, 1.1046974522051785, 1.4371749859895089], "((3, 2, 4),)": [1.0357645891254306, 1.078799052182755, 1.313858407272509, 1.7648137210012453, 2.473591893105191], "((3, 0, 4),)": [0.7237722737799519, 0.966540278448763, 0.8422216052110227, 1.319388491047076, 1.4505842441151808], "((3, 3, 0),)": [0.6799069208055832, 0.8352179464138885, 0.9159371004529802, 1.285306631039795, 1.1693645013434641], "((2, 1, 4),)": [0.6931497638672418, 0.7610412102762778, 1.1056401709750876, 1.3437138299997333, 1.6774709473655116], "((3, 4, 2),)": [0.8111326010250529, 1.0157457382408794, 1.3655369149036984, 1.762914067588485, 1.9271666922224762], "((1, 2, 0),)": [0.44259919156644406, 0.43425890567029396, 0.7485814292825987, 0.8563648391003587, 0.9498899879566993], "((4, 3, 3),)": [1.0610199595183443, 1.122005352296282, 1.5521518594897241, 2.1498242107901397, 2.532823153861434], "((1, 4, 4),)": [0.7080566893182009, 1.1504878452471037, 1.5953502294558188, 1.4783245661447983, 2.0603263327299906], "((3, 0, 2),)": [0.5818238374498632, 0.7374862602585182, 0.9927527757434411, 1.0183862855084973, 1.0081291538491957], "((0, 0, 3),)": [0.4632520109904189, 0.5947773546747503, 0.8048829598307115, 0.8407662628148288, 0.9535633191189836], "((3, 4, 1),)": [0.7305292316690166, 0.9344182185061399, 1.1069328828593983, 1.4055955339444324, 1.6755261329030313], "((0, 2, 1),)": [0.45850332256692705, 0.45545442947332143, 0.8862057381732651, 0.8355057528206992, 0.9318680417902265], "((3, 1, 4),)": [0.6550242046384124, 1.0662170158570587, 1.3565047608808105, 1.6177107174484815, 1.9598335619392038], "((4, 1, 1),)": [0.6904387550292636, 0.6586054424027996, 0.8962322467271195, 1.106669950453641, 1.4166914293493977], "((3, 0, 0),)": [0.5642944087009113, 0.48618150502899216, 0.5601579968408756, 0.8556948808848562, 0.976159329971232], "((0, 3, 3),)": [0.571960056883789, 0.6686654253465577, 1.02731162942711, 1.1978555409799094, 1.3223164195938741], "((3, 3, 2),)": [0.8035737026745025, 1.075617855899491, 1.1324788578616436, 1.5567486773506138, 1.9623207435532892], "((2, 0, 0),)": [0.4300907566423449, 0.42164318054446787, 0.7720234696556794, 0.735682738991724, 0.788989199783012], "((3, 2, 2),)": [0.6236990721451372, 0.7603115621117185, 1.284914885673226, 1.4492898990123844, 1.7912225227682983], "((2, 1, 0),)": [0.48446785121312574, 0.4980012912729405, 0.6678798240135523, 0.9019439566742844, 1.054643560526665], "((2, 1, 2),)": [0.3520564560233071, 0.8358728047542883, 0.9382278930108676, 1.1165603850861514, 1.1222238333120451], "((4, 1, 0),)": [0.46793774399315075, 0.7014645257453704, 0.7938483180104354, 1.0964282240723566, 1.2944324661525601], "((1, 1, 3),)": [0.5306096862263813, 0.865019884868914, 0.7081992396216347, 0.9057261738134452, 1.2876367807266706], "((2, 3, 3),)": [0.6298055939745826, 1.2396508993023057, 1.246907022684412, 1.6589968222915252, 1.7964387988534263], "((2, 4, 0),)": [0.6664113824639573, 0.7710203696198479, 0.8165447616486409, 1.1833902686167201, 1.2337244592731371], "((2, 0, 2),)": [0.4580082569470862, 0.7037180755682293, 0.918702017601772, 0.7186462103039263, 0.9891304451714665], "((0, 3, 2),)": [0.4909218786325757, 0.6754173997279894, 1.0020039224164428, 1.0655849871515546, 1.3652317964134797], "((1, 0, 0),)": [0.35344761887551385, 0.5797055625790686, 0.6286445960040006, 0.727973882510301, 0.7834350984813324], "((4, 4, 3),)": [1.1170025646590118, 1.3449111402354448, 1.8290725034770385, 2.3510860739463775, 2.7422285266509068], "((1, 4, 3),)": [0.9212774753965657, 1.0436749268684475, 1.324995637610354, 1.4150104187361288, 1.7730670829991502], "((3, 2, 1),)": [0.6640148311041124, 0.7817949580852844, 0.9424148778328363, 1.2325707250205762, 1.368825815477211], "((0, 4, 2),)": [0.661428073159199, 0.6667547977212247, 0.7092263465491111, 1.157837334679333, 1.2910021879244638], "((1, 1, 2),)": [0.4982291904661491, 0.5911092523161221, 0.8546408816401747, 0.8917295506971664, 1.0992629702172914], "((0, 4, 3),)": [0.6973807851276107, 0.8091562884239843, 1.0314268279793868, 1.1394821145078164, 1.5034988852714974], "((3, 2, 3),)": [0.8524269358250993, 1.1463174906747082, 1.3892441737812284, 1.5447828635113672, 2.030546709735625], "((2, 3, 0),)": [0.47153484992143563, 0.527184072568118, 0.8083098451577984, 1.0031156879024399, 1.1647525051407128], "((2, 0, 4),)": [0.6682866662038245, 0.6851454721536547, 0.9946253013061248, 1.3091453790105494, 1.277218297001295], "((2, 4, 2),)": [0.8518262216342558, 1.0581532628864903, 1.1205176432851398, 1.477013765157477, 1.6706710281842905], "((2, 1, 1),)": [0.4493377305789008, 0.7129495070017868, 0.831855243174542, 0.9384955069085243, 0.9559496077491508], "((2, 2, 0),)": [0.49097866256782535, 0.7214106511262385, 0.7241559191823005, 0.8779736659539039, 1.1844056091294877], "((4, 4, 0),)": [0.7285540502558492, 0.9870435606817253, 1.3718672240905625, 1.6006267601632715, 1.4948225616654187], "((2, 0, 3),)": [0.5267445233806451, 0.818967346028821, 0.7448070899715592, 1.1883175353478317, 0.9475227269916452], "((1, 3, 3),)": [0.833853951654565, 0.8202742678903578, 1.3625973351348704, 1.267983736471374, 1.8604814896280661], "((1, 0, 2),)": [0.2968951309331477, 0.6121809197662454, 0.6955984387547641, 0.9886220293937547, 0.9336147086473348], "((1, 4, 1),)": [0.5666376443310609, 0.8161443433687587, 0.9382750636215573, 1.0803113506835835, 1.1705193036477122], "((0, 0, 2),)": [0.4340453934432996, 0.35528250093867253, 0.4684700036888725, 0.7773510609042501, 0.8141014376061817], "((4, 4, 2),)": [0.9154507375508016, 1.0995679625596937, 1.5564007944386131, 2.1568587055377506, 1.9445902429929396], "((1, 0, 3),)": [0.46841111582125466, 0.7237485937866887, 0.8190719875978898, 0.9781471304358402, 1.1552664271397894], "((0, 4, 0),)": [0.4224206948668993, 0.6508954018921471, 0.8967167476644677, 0.7903420044418197, 0.8518755558005046], "((0, 2, 4),)": [0.5179810768627688, 0.8945878705235307, 0.9938126356686277, 1.2125377094034575, 1.2823735432408783], "((0, 1, 3),)": [0.5036706223360445, 0.6247593415349864, 0.912105549052578, 0.9757360092303715, 1.0551084330655278], "((4, 2, 0),)": [0.7849594081860023, 0.7809679562691425, 1.0291462798994093, 1.142616227199272, 1.3406367289439651], "((0, 1, 0),)": [0.37686374507797726, 0.5769083474294264, 0.7191954869319032, 0.47705914387155324, 0.8153013480933139], "((0, 0, 4),)": [0.39734841432590184, 0.6251517666988669, 0.7823671553863756, 1.0134480908056671, 1.0685487863313594], "((4, 0, 2),)": [0.6724152770994486, 0.922258384944637, 1.0576499189369155, 1.0890088483418439, 1.333398347029057], "((4, 3, 1),)": [0.8138241323376819, 0.9482065169569089, 1.2253247536101703, 1.352218747328693, 1.5512165627587209], "((2, 3, 4),)": [0.9520284271919298, 1.259932607659873, 1.5964197378568483, 1.949614946304348, 2.4379795939618982], "((3, 4, 0),)": [0.7509292706062659, 0.8303700934988938, 1.2489563253880547, 1.214060616906612, 1.4822698575696134], "((0, 2, 0),)": [0.3522114964517108, 0.6272652004739899, 0.7467680780565361, 0.790542594053331, 0.9252893510653996], "((4, 0, 1),)": [0.5018452724002351, 0.706940171763585, 0.7735965388150294, 1.0655519737516592, 1.0679280999921494], "((0, 0, 0),)": [0.35709659004056454, 0.4495125165955126, 0.5828820009665537, 0.5610172745353125, 0.7838131757095942], "((2, 3, 1),)": [0.6323803475548233, 0.7292523746182693, 0.9942716422017654, 1.2663319396881603, 1.1586172117348035], "((1, 2, 4),)": [0.8503741178313863, 0.970328118941093, 1.0666223240180808, 1.5506219498345735, 1.1404524536134577], "((4, 0, 0),)": [0.3541390092043233, 0.6299844958582765, 0.918080578199578, 0.8702631623513056, 0.7622641747382285],