{"meta": {"n": 3, "c": 1.0, "a": 2.0, "a0": 0.0, "mu": 1.5, "price_grid": [1.0, 1.2, 1.4, 1.6, 1.8], "K": 0, "seed": 42, "m": 15, "xi": 0.1, "b": 3.0, "phi": 0.8, "sigma": 0.08, "rho": 0.0, "observed_shocks": false, "kappa": 0.0, "n_actions": 5, "fp": "9a9fe37a812f9be613e5cf33"}, "Q": {"((2, 2, 2),)": [0.6909535978316286, 0.7141482768956438, 1.1357586213275657, 0.8494118173473084, 1.4419294449523854], "((3, 2, 4),)": [0.8282933234316031, 1.2645579893004864, 1.5364614587332033, 2.378574861686275, 2.3130439829760823], "((3, 0, 4),)": [0.8264955866492828, 0.9182865880966773, 0.9127170601085125, 1.037797467171431, 1.5429308212371096], "((3, 3, 0),)": [0.5770848476042049, 0.8392065349650164, 1.0182016554625766, 1.0605366241486336, 1.2834607528520992], "((2, 1, 4),)": [0.6057859068841752, 0.8137065128827807, 1.096431137621733, 1.3691063452842225, 1.5962707848841673], "((3, 4, 2),)": [0.9643584668181151, 1.2695680444824686, 1.3963307144248325, 1.5237508863274076, 1.9782813462794127], "((1, 2, 0),)": [0.4941478425824658, 0.6584893985586732, 0.6820353458949269, 0.5613310954933889, 1.0060251329439416], "((4, 3, 3),)": [0.9442454662311829, 1.1398255002164135, 1.5896381821552943, 2.2127330616483913, 2.6005258677612786], "((1, 4, 4),)": [0.7310056317961714, 1.0640877659724917, 1.6373789685253308, 1.7578379638505521, 1.918333947483996], "((3, 0, 2),)": [0.6521870231829985, 0.8892971866110817, 0.9109157805058917, 1.0265772306027974, 0.8428876113247026], "((0, 0, 3),)": [0.3665502397584814, 0.6373859806928035, 0.6776711423699263, 0.7821130597264861, 1.0618133563851222], "((3, 4, 1),)": [0.7525529152295927, 0.7846349255251915, 1.280747310840883, 1.2726778818148559, 1.6894414356910048], "((0, 2, 1),)": [0.40512606247410665, 0.5464970580882018, 0.796999426858788, 0.8451998749210049, 0.9498716099978068], "((3, 1, 4),)": [0.8669976649657378, 0.8575763712889519, 1.4305156119404105, 1.7949487605002599, 1.833659529888642], "((4, 1, 1),)": [0.5773769777774238, 0.8570485787807297, 0.8458828462430437, 0.9954247587880745, 1.4342051828412894], "((3, 0, 0),)": [0.4696491942441065, 0.6729290902090628, 0.7188247792229279, 0.839799503354615, 0.7702134453501464], "((0, 3, 3),)": [0.5691127107152854, 0.9233460298881587, 0.9686512534918237, 1.0083951625552452, 1.332560542216708], "((3, 3, 2),)": [0.8983680783961231, 1.0110412573358838, 1.2904861675335593, 1.1929113454126017, 2.0611905747403334], "((2, 0, 0),)": [0.3140824260062872, 0.4445620777973808, 0.6641148120110444, 0.7147046428010309, 0.8772406630291539], "((3, 2, 2),)": [0.5779646732675148, 1.0433331190256432, 0.9146025893835763, 1.1637834323903953, 1.9444289565429818], "((2, 1, 0),)": [0.49937036091369047, 0.4887309845973179, 0.8090778793016282, 0.9081402748039191, 0.8878815280146335], "((2, 1, 2),)": [0.6233416893669328, 0.6343570398499797, 0.9041773691840719, 1.067071242280359, 1.1776726218967353], "((4, 1, 0),)": [0.3658975926369543, 0.762737715888214, 0.8519322928695511, 1.127059661667055, 1.2032587152790035], "((1, 1, 3),)": [0.5945601573101872, 0.7730313094669335, 0.912718616395507, 1.0583125857049003, 1.105826081229494], "((2, 3, 3),)": [0.6890168800554469, 0.9147608158234307, 1.4421899053101161, 1.3914479511520523, 1.9285224517126434], "((2, 4, 0),)": [0.616540493845348, 0.8614338679616639, 0.9503718551246776, 1.130352634207164, 1.1683897347432228], "((2, 0, 2),)": [0.5138413230290098, 0.6419318567180475, 0.8140446523375039, 0.6714633775149508, 1.0930472928686128], "((0, 3, 2),)": [0.5513653350809773, 0.7512662385586293, 0.9852878030411367, 1.124515632578345, 1.2233770530020767], "((1, 0, 0),)": [0.38551434387761, 0.4838084367724726, 0.5893440599863363, 0.7609527403011295, 0.7912848035598185], "((4, 4, 3),)": [0.8304620495898156, 1.4065864085785333, 1.8057000949613768, 2.6008394027180577, 2.730288930718679], "((1, 4, 3),)": [0.6938882315138916, 1.1775713225766278, 1.3502839187442814, 1.4789035622807145, 1.694874140161753], "((3, 2, 1),)": [0.5197083143427311, 0.7353070355535976, 1.1103389877673167, 1.2244535501060645, 1.2670462548111119], "((0, 4, 2),)": [0.5646866188294707, 0.7675952175059555, 0.9665775695702735, 1.3071706082185204, 0.8472305706136333], "((1, 1, 2),)": [0.31974260690045514, 0.7259167047624898, 0.8448315402685054, 0.9456202856818208, 1.0151251294907546], "((0, 4, 3),)": [0.6232293168627312, 0.9966135132283971, 1.09354711382688, 1.2305580148457902, 1.2987173685715778], "((3, 2, 3),)": [0.8704000764127314, 1.1601359043577668, 1.3014693825149302, 1.554404929979178, 2.075848936547838], "((2, 3, 0),)": [0.6557469675820631, 0.6008879336472036, 0.9142819723633434, 1.0480947102141571, 0.8336837206202107], "((2, 0, 4),)": [0.8112197024325527, 0.816427579510714, 0.9944845005206014, 1.1336371824184381, 1.3096059913838236], "((2, 4, 2),)": [0.7080840598345197, 0.9027044030393627, 1.246384563275774, 1.42443104594523, 1.729963703173229], "((2, 1, 1),)": [0.4677984602407885, 0.6682900391447586, 0.5294150730144875, 1.1195026454052166, 0.9072113372978002], "((2, 2, 0),)": [0.53619611530952, 0.7119430866011407, 0.7309665665456373, 0.8033630354741358, 1.1803626915344634], "((4, 4, 0),)": [0.6179261246749372, 0.9221217979202401, 1.166719704423208, 1.4031620932490394, 1.776960814803701], "((2, 0, 3),)": [0.4543479025132872, 0.6058989172737009, 0.816881293200685, 1.122844748591694, 1.120226130007417], "((1, 3, 3),)": [0.729942952982736, 0.9276514688402464, 1.2100462060388089, 1.6510728790654368, 1.6960517907449524], "((1, 0, 2),)": [0.4532458261223462, 0.5618970782804571, 0.7003943284314745, 0.9762807785022771, 0.8565110332055057], "((1, 4, 1),)": [0.629192721792202, 0.5650623052075165, 0.8584747814284746, 1.1200982030995181, 1.228646579996657], "((0, 0, 2),)": [0.37931059351327573, 0.5065693225598062, 0.5548745763759817, 0.676395366718415, 0.7944939268932887], "((4, 4, 2),)": [0.863502194561724, 1.2876761339433145, 1.6077149762976437, 1.897254269050776, 2.1978250293821326], "((1, 0, 3),)": [0.48096831220263786, 0.793824094142523, 0.7800624752241254, 1.1118025904341367, 0.9410712142892375], "((0, 4, 0),)": [0.556900910158012, 0.5920540111478307, 0.7220451480799095, 0.9519254717043667, 0.7699534343155383], "((0, 2, 4),)": [0.6023581071837323, 0.9188328046480205, 0.9572024306799938, 1.2185198361316432, 1.2464663718610955], "((0, 1, 3),)": [0.566976047784187, 0.5590907366344202, 0.8394055169168311, 0.9275046312852477, 1.0907194033538374], "((4, 2, 0),)": [0.5219867858546763, 0.7593245651560792, 0.9570313030032495, 1.0652437876135028, 1.4739293911818534], "((0, 1, 0),)": [0.519111721706379, 0.36553010715059064, 0.6980781516727914, 0.7326792546521788, 0.6205227100925127], "((0, 0, 4),)": [0.32761648524251297, 0.7214298343396809, 0.8922583929824388, 0.8726814421606875, 1.0372931250745532], "((4, 0, 2),)": [0.713963772135684, 0.7846183603421044, 1.0288173682853077, 1.0630275432678162, 1.3819745853171443], "((4, 3, 1),)": [0.5666238051801756, 0.9259514507089748, 1.2463634755185349, 1.3980625461429552, 1.524273620297632], "((2, 3, 4),)": [0.9246112137363486, 1.2377686032202195, 1.264727320517828, 2.0790751034149935, 2.49013025356733], "((3, 4, 0),)": [0.7333945497646166, 0.7843647144510967, 1.005680817151771, 1.298827932514838, 1.5833807392692762], "((0, 2, 0),)": [0.4120676818246728, 0.5956721813248927, 0.8002353865087682, 0.6683905212846614, 0.9332314002290013], "((4, 0, 1),)": [0.5065107189804815, 0.5823615695939615, 0.8065658998372264, 1.1341042194965965, 1.0076635356421633], "((0, 0, 0),)": [0.4512461293469136, 0.5173190014885541, 0.5770285886756463, 0.5521886715284899, 0.6536321389289097], "((2, 3, 1),)": [0.6430233820971942, 0.7860896233915213, 0.806946222827029, 1.1867221149119205, 1.2980589152427249], "((1, 2, 4),)": [0.7579566495585076, 1.0400175703109715, 0.9662240925865069, 1.2295858501059418, 1.5440190509685605], "((4, 0, 0),)": [0.48372757494053376, 0.6958009869136146, 0.6269752925555461, 0.8596513052496831, 0.8828741390570061],