{"meta": {"n": 3, "c": 1.0, "a": 2.0, "a0": 0.0, "mu": 1.5, "price_grid": [1.0, 1.2, 1.4, 1.6, 1.8], "K": 0, "seed": 42, "m": 15, "xi": 0.1, "b": 3.0, "phi": 0.8, "sigma": 0.08, "rho": 0.0, "observed_shocks": false, "kappa": 0.0, "n_actions": 5, "fp": "9a9fe37a812f9be613e5cf33"}, "Q": {"((2, 2, 2),)": [0.6608461833727419, 0.8390054887758516, 0.6978029722937387, 1.1233559506281912, 1.6345519921788287], "((4, 2, 2),)": [0.7918279654744174, 1.115614488879114, 1.1371759900227196, 1.5958242354310712, 1.9840648567183101], "((2, 3, 0),)": [0.4887136195576407, 0.741013829263984, 0.8057487090661559, 0.9598577363143845, 1.3490336420650106], "((4, 2, 3),)": [0.847819129478824, 1.049366632097782, 1.433290274968271, 1.738858715846885, 2.4373349168599128], "((0, 4, 4),)": [0.6965045488416535, 0.9401343820970802, 1.2015155263139243, 1.5887443124151734, 1.8549618402365602], "((0, 3, 4),)": [0.774776456477053, 0.8757895919906256, 1.071538101068863, 1.3391049780699875, 1.7879843391029313], "((4, 1, 0),)": [0.5031783825146527, 0.5969931797587797, 0.705945148273253, 1.1260852126300869, 0.9932409612125739], "((4, 0, 0),)": [0.4982383604445546, 0.6801395933179919, 0.6073585649921134, 0.807216241852197, 0.8242215723560691], "((4, 1, 4),)": [0.8046497223712232, 0.9822942066290747, 1.571774051964478, 1.6047973782539515, 1.7428218002219116], "((4, 2, 1),)": [0.8373171009059363, 1.014003071813916, 1.22622897180932, 1.171000564712035, 1.3627927273721498], "((0, 2, 0),)": [0.42643286731325214, 0.5646242289981096, 0.5446609722528301, 0.5577373807534342, 0.8644833810867469], "((3, 3, 3),)": [0.9013877659752355, 1.0932601118400849, 1.4541826908631668, 2.0997375237535794, 2.8406806917463303], "((1, 3, 1),)": [0.6242080371555684, 0.7092958668772008, 0.87522813378561, 0.9026160918828104, 1.0735593692141738], "((3, 2, 3),)": [0.8106933152927707, 1.0793070207236448, 1.2078978504841702, 1.226811396452681, 2.0529182945797175], "((3, 3, 0),)": [0.6141265386175815, 0.6589989307577374, 0.889409859926516, 1.3907978567109878, 1.156630770805586], "((3, 4, 3),)": [1.0718976092041101, 1.360205131563886, 1.648951135959775, 2.2995076153111382, 3.3108294492360315], "((0, 1, 0),)": [0.34045894415683553, 0.4080857843759944, 0.5092668463968242, 0.5500577828337844, 0.842129166059737], "((3, 1, 3),)": [0.6962835622146406, 0.8466954300388614, 1.2615029753971412, 1.5034998907780437, 1.6169503268444951], "((0, 0, 2),)": [0.4072524742390604, 0.5347593767501327, 0.5590347755089504, 0.6688398811648996, 0.9209693920452229], "((3, 4, 0),)": [0.8153530514636793, 0.8761809645728248, 1.094444091702636, 1.3194179036558589, 1.7733247944582364], "((0, 0, 1),)": [0.4220423847740028, 0.5152291119154937, 0.6704082359907922, 0.5479458751774451, 0.7567913212896175], "((1, 0, 0),)": [0.3508207947382681, 0.4370761325733489, 0.619076375092181, 0.4175627973534989, 0.9941648278463681], "((2, 4, 3),)": [0.9851089167250594, 1.0113675153840855, 1.569485462457339, 2.031146846376503, 2.4865744469961673], "((2, 2, 0),)": [0.4361097192644387, 0.5610997263368906, 0.8845204669448393, 0.9069222435399236, 1.159193593962231], "((2, 4, 0),)": [0.7074344776355034, 1.144787169495539, 1.1136438956338939, 1.096990693909778, 1.0700945915362066], "((1, 2, 0),)": [0.4029757796326092, 0.6169360664264703, 0.7378347115305572, 0.7787508244906661, 0.7397420410670917], "((3, 2, 2),)": [0.6368611769597762, 0.8054414568455411, 1.1530695007595548, 1.2847930161494938, 1.8061084424857368], "((0, 3, 1),)": [0.4554082999274992, 0.6215101823787893, 0.8666342155131342, 0.8286593274989913, 1.1857080384496286], "((4, 0, 2),)": [0.5757356923090491, 0.7264295991997791, 1.0340013615386845, 1.0484102729687035, 1.3753204882062808], "((4, 3, 0),)": [0.7286300792158088, 0.7421056842035665, 1.1786007439962543, 1.087017812584587, 1.3241730120330377], "((2, 3, 4),)": [0.8811566390326692, 1.1621097666731, 1.5024619988901418, 1.4789760040959328, 2.431048871343278], "((2, 0, 3),)": [0.5903933071615023, 0.8329006642950295, 0.8917651403274705, 1.0921389229587102, 0.9412154805392356], "((3, 4, 4),)": [1.0496758037356015, 1.5647063571294166, 1.8799430117506557, 2.7162312115230502, 3.5760336292098036], "((4, 3, 4),)": [1.1217255807912194, 1.5338842041950391, 2.213850048363164, 2.4785287354273358, 3.8064315376498623], "((0, 2, 1),)": [0.42470292276210786, 0.6772596267304957, 0.6855095522093207, 0.6909673777006468, 0.8006895666201376], "((0, 3, 2),)": [0.4596563272663493, 0.8338292384644682, 1.0456983624381802, 0.990884704656262, 0.9657112575050186], "((1, 1, 3),)": [0.560500565731465, 0.5346373256676786, 0.9354464240672561, 1.1725570938520624, 0.9136306384883007], "((2, 2, 4),)": [0.6044512763359676, 0.9867836227848569, 0.983388086039836, 1.4430646944146308, 1.851920606883186], "((0, 3, 0),)": [0.4910286993685603, 0.5874819122346489, 0.6345607686909008, 0.819824432450637, 1.0082398240901524], "((1, 4, 3),)": [0.8566063941079385, 1.0828585909754067, 1.2971450088469165, 1.4863009258556596, 2.099470231183886], "((0, 4, 1),)": [0.4876840778861777, 0.8511198234320626, 0.7211271539589658, 0.9916614280520607, 1.3046736944487636], "((3, 1, 4),)": [0.7944725132722842, 0.8654889334096564, 1.0752000761323235, 1.5819790459684098, 1.799310797483038], "((3, 0, 0),)": [0.4694870640891812, 0.5208086223845803, 0.6395645081907566, 0.634727780955798, 0.9328295271952953], "((0, 0, 3),)": [0.4529348992784388, 0.4339867991657797, 0.7618427240626416, 0.8027479852745552, 0.8694854160594495], "((3, 2, 0),)": [0.5892173638538407, 0.46411452939461556, 0.917790163527916, 1.0470543689535823, 1.039569043085201], "((4, 2, 4),)": [0.8596539579173661, 1.2668518631318306, 1.7126865708687777, 1.8885956007217093, 2.4278186318505264], "((4, 0, 1),)": [0.46259712639958456, 0.5470205203416283, 0.7488618198748547, 1.1383547290497409, 0.9223165682853672], "((1, 1, 1),)": [0.3552355032149967, 0.5118505286575855, 0.7021657390292132, 0.7102639392434741, 0.8898779630718717], "((1, 1, 0),)": [0.3459375849612255, 0.34106167400940296, 0.617876777775616, 0.6463335155218153, 0.7329831567020224], "((1, 2, 3),)": [0.7440200936279215, 0.6984108848832611, 0.9494285951697614, 1.2132564483102182, 1.5089522757936196], "((3, 4, 1),)": [0.7759020705300503, 1.060647452926808, 1.1114089786502228, 1.384874810748901, 2.0007270129230124], "((0, 0, 4),)": [0.4637153869321844, 0.6840352259075496, 0.6948823939638156, 0.7605450186525862, 0.9843246054176951], "((3, 1, 1),)": [0.42124419273360497, 0.6660052279045166, 0.8029534411478324, 0.9074588677255411, 1.2391790886063305], "((1, 2, 2),)": [0.5562124503983, 0.7075802060502254, 0.7853376223216595, 0.9394614157240813, 1.425736874358084], "((2, 1, 3),)": [0.5448909039225918, 0.8044719467010376, 0.9793054437336086, 1.0239275439953477, 1.375469879970436], "((4, 1, 3),)": [0.9347161125370147, 0.8989994534963817, 1.20953998535743, 1.5223397128303044, 1.7103668782283412], "((0, 1, 3),)": [0.3839049892548505, 0.6779645353435424, 0.7710935723001594, 0.8834439514360563, 0.9805523854885487], "((0, 3, 3),)": [0.7229705869300227, 0.6117858241167834, 1.0194976199931884, 1.0772250749534424, 1.5118974072620661], "((1, 2, 1),)": [0.5965481751002482, 0.6223129329132392, 0.7869196638050575, 0.9264414758784939, 0.9672379423495778], "((0, 2, 2),)": [0.6073390127971923, 0.4876232938518743, 1.0070122385461138, 0.8830280574476761, 1.0739257856964], "((3, 0, 4),)": [0.7951425088488604, 0.8144743780067384, 0.9237655115191252, 1.2828108301363037, 1.4535967033181976], "((0, 1, 1),)": [0.43262549160245917, 0.559141016719086, 0.5495823854406752, 0.6344976539460822, 1.0184464575681187], "((2, 1, 4),)": [0.6038836594254132, 0.8113216733163027, 0.9863126598830559, 1.1592232734611438, 1.4585305717592278], "((3, 0, 3),)": [0.6645738940325131, 0.6392377157904605, 1.0629754256978035, 1.371165040800472, 1.1255472811579792], "((0, 2, 3),)": [0.671221216630229, 0.6823047477277796, 0.6290709503613492, 1.1815751871055562, 1.3902215716527222],