{"meta": {"n": 3, "c": 1.0, "a": 2.0, "a0": 0.0, "mu": 1.5, "price_grid": [1.0, 1.2, 1.4, 1.6, 1.8], "K": 0, "seed": 42, "m": 15, "xi": 0.1, "b": 3.0, "phi": 0.8, "sigma": 0.08, "rho": 0.0, "observed_shocks": false, "kappa": 0.0, "n_actions": 5, "fp": "9a9fe37a812f9be613e5cf33"}, "Q": {"((2, 2, 2),)": [0.4926449280753062, 0.7067095451390442, 1.2778893083236305, 1.2517043724763892, 1.4357180236668723], "((4, 2, 2),)": [0.7705136580304098, 1.0282364755064777, 1.3568759236698487, 1.834826373529698, 1.795394246681018], "((2, 3, 0),)": [0.5877225906370992, 0.6446962327738915, 0.8641036458788252, 0.8281650976915209, 1.439307686952187], "((4, 2, 3),)": [0.8001739806161398, 1.1550676418632315, 1.5745837998147818, 1.9344371840824448, 2.224692318364174], "((0, 4, 4),)": [0.7295780597534891, 1.0505463151584857, 1.345318894232966, 1.4083269556592484, 1.8996998541871066], "((0, 3, 4),)": [0.6800697510086926, 0.783752966521235, 1.2821930847316503, 1.6288994939201764, 1.5761825995269534], "((4, 1, 0),)": [0.4851131696421566, 0.5287504302928431, 0.7099081497075641, 1.074141298412382, 1.1893394666692676], "((4, 0, 0),)": [0.49865415797074336, 0.594820038503961, 0.7526674546728062, 0.9130096586057725, 0.8244522177964605], "((4, 1, 4),)": [0.7712382839044065, 1.0211781643174758, 1.352175507044177, 1.5673531467875426, 1.918564743325511], "((4, 2, 1),)": [0.7380901589696587, 0.7297977758835117, 0.9337788034109669, 1.5114037240151548, 1.4823973135320314], "((0, 2, 0),)": [0.41492257208275973, 0.5598464897775327, 0.5716824683019418, 0.6821070037459936, 0.8774853855671346], "((3, 3, 3),)": [0.8054857356771988, 1.2245783093704508, 1.2444395137000088, 2.1709143830372124, 2.664445412059636], "((1, 3, 1),)": [0.614474395639005, 0.6438796549096383, 0.9318616277105293, 1.122704702487937, 1.0370230354977383], "((3, 2, 3),)": [0.8089307690385437, 0.8055518548063182, 1.0737097159199984, 1.7709361331449762, 1.9171290179916691], "((3, 3, 0),)": [0.546403130899393, 0.817110738935093, 1.047876459764498, 1.2040051156340101, 1.3861872387151768], "((3, 4, 3),)": [0.9892791966078335, 1.2714850166276586, 1.8696820645850865, 2.703544965458376, 2.8793706125599274], "((0, 1, 0),)": [0.3362133031741741, 0.37978298748184636, 0.524358663467343, 0.611528884856581, 0.8847004858072482], "((3, 1, 3),)": [0.7781904608584282, 0.7104187444996554, 1.2602678542664512, 1.3591550119660192, 1.8099267249230881], "((0, 0, 2),)": [0.48406742657260127, 0.6174183342597397, 0.6546541627468289, 0.7479223203756777, 0.8079161680367876], "((3, 4, 0),)": [0.6139713317893214, 0.7316345165775603, 1.179244024146114, 1.5911864635970536, 1.6537069812816205], "((0, 0, 1),)": [0.49775133649475806, 0.474693976530949, 0.6542773196798393, 0.5047109713235832, 0.8760412489315653], "((1, 0, 0),)": [0.35606059656326217, 0.6454603691841208, 0.538370150498378, 0.7157939711448318, 0.8845007862216959], "((2, 4, 3),)": [0.802284436239068, 1.1497543134586192, 1.6948526844134049, 1.9998128743938905, 2.3352428122749327], "((2, 2, 0),)": [0.5474055419950001, 0.761688943261603, 0.6980916217402964, 1.1308377261745115, 1.0441706790333287], "((2, 4, 0),)": [0.5397172602243356, 0.7545975209831968, 1.0117028247960886, 1.2151213870927515, 1.4699750096365052], "((1, 2, 0),)": [0.5639293837785737, 0.6170067336518857, 0.6519306392202757, 0.7823943778569562, 0.817959201281407], "((3, 2, 2),)": [0.835653781242328, 1.045053546454191, 1.1135446405776814, 1.77253225891794, 1.3135958791824132], "((0, 3, 1),)": [0.5015806694429469, 0.6012771985948268, 0.8117630232907982, 0.9828833816914752, 1.2200134973672405], "((4, 0, 2),)": [0.6099398314246344, 0.7882132710244347, 1.0204389305188437, 1.051630154419283, 1.438299089521701], "((4, 3, 0),)": [0.5717491801575809, 0.9974217097375949, 1.0035861398206363, 1.2420070964400156, 1.3698607513672227], "((2, 3, 4),)": [0.803635598207663, 1.1701419667058974, 1.59053318873427, 1.8720262428426009, 2.2465974333841277], "((2, 0, 3),)": [0.570183108372103, 0.6660934392965276, 0.997334368991257, 1.196468264869867, 1.0094287471343468], "((3, 4, 4),)": [1.0310326355777297, 1.3965386956523296, 2.02046076316147, 2.9015495545631174, 3.143972620929057], "((4, 3, 4),)": [1.0601981270081404, 1.330676243262923, 2.1078385724824042, 2.754407102544077, 3.4595217806350926], "((0, 2, 1),)": [0.38531907572638063, 0.6253664643424214, 0.7171275966434433, 0.7432854341325248, 0.9289508733964664], "((0, 3, 2),)": [0.5490619169699039, 0.7972648603634345, 0.9480532761000354, 1.0988764128946051, 1.1352403542286205], "((1, 1, 3),)": [0.5068665663511888, 0.6857875318372905, 0.8769947283055393, 0.8855026601232556, 1.3391733165446804], "((2, 2, 4),)": [0.7593714232544723, 0.9272279641005619, 1.2498467785997263, 1.5230961738358972, 1.8264000413532668], "((0, 3, 0),)": [0.41965712672004374, 0.6208351786259564, 0.6213887641516752, 0.8496299694290992, 1.1144587115180815], "((1, 4, 3),)": [0.8533924658623487, 1.0426918091583561, 1.4787779996287993, 1.7969794686759832, 1.9148254059161234], "((0, 4, 1),)": [0.510186127677746, 0.7895260225890722, 0.8786272874300667, 1.1815296895092908, 1.2760025720797372], "((3, 1, 4),)": [0.7570251458339871, 1.040063039612936, 1.285146694885167, 1.5424457315822657, 1.7554903125645558], "((3, 0, 0),)": [0.406524288962695, 0.4870934979823557, 0.6759704780053293, 0.8769270707474757, 0.9026281240788655], "((0, 0, 3),)": [0.4173380599375919, 0.6896920251760686, 0.6089994406442671, 0.7942638355880044, 0.9781671774529712], "((3, 2, 0),)": [0.4195850726655894, 0.803378071130557, 0.9484430615191372, 0.989731603909489, 1.108558463740709], "((4, 2, 4),)": [0.9972914128452418, 1.1884817238024832, 1.5674077634538426, 1.9768546965718792, 2.331766899384011], "((4, 0, 1),)": [0.4277290720827739, 0.7042521925628143, 0.8850037614818492, 0.9003549970490075, 1.1420580392312716], "((1, 1, 1),)": [0.45386403642508794, 0.5490047362235885, 0.6861179464667125, 0.6546322450517721, 0.9819361714729814], "((1, 1, 0),)": [0.5230042394752463, 0.543222431259246, 0.5863712526609441, 0.5381492114049875, 0.6918035825921175], "((1, 2, 3),)": [0.7938113175389199, 0.7358777998476353, 1.1448109667857418, 1.4121449042218999, 1.310502596847027], "((3, 4, 1),)": [0.8388419112858405, 0.9539175593463229, 1.1715512817810612, 1.6060753386417663, 1.9279444562085324], "((0, 0, 4),)": [0.5193203783870153, 0.6207034356336448, 0.7794497988629965, 0.8635485728650174, 1.0145051084936765], "((3, 1, 1),)": [0.5226227215550644, 0.6466697209194794, 0.8053680751000261, 1.1235428649653496, 1.2021422486349136], "((1, 2, 2),)": [0.5975864102741307, 0.7856966253232626, 0.8765879132376839, 1.2861717815902716, 1.2280894771662139], "((2, 1, 3),)": [0.6031469925372062, 0.7448316133984195, 1.0423071654524438, 1.1539717112961048, 1.3722726708450765], "((4, 1, 3),)": [0.5635327581435199, 0.8632541940547676, 1.1215728018069577, 1.537319127369551, 1.8140114656105766], "((0, 1, 3),)": [0.5636388298381971, 0.6034521056863326, 0.9396085710615777, 0.8801413853493452, 0.9251262616935265], "((0, 3, 3),)": [0.6052494883379639, 0.7877870827792582, 0.8832200082526978, 1.2779021368843808, 1.5062244918628893], "((1, 2, 1),)": [0.6000523138802387, 0.6519668698752227, 0.6678854874578544, 1.0003187265684261, 1.1054781016454953], "((0, 2, 2),)": [0.6367500446987806, 0.6073511890005842, 0.7141638447214287, 0.894889855525, 1.326218760858627], "((3, 0, 4),)": [0.32101726961310323, 1.0428653071403056, 1.1753709512941266, 1.2560719156233386, 1.4164484432765985], "((0, 1, 1),)": [0.478428683263592, 0.5425525978946826, 0.7174006169167332, 0.6671020325980979, 0.9739634920406655], "((2, 1, 4),)": [0.6973469335208695, 0.8586124987090827, 1.0362056642571749, 1.3976146928771123, 1.3848279457135422], "((3, 0, 3),)": [0.6112968232436101, 0.9568240949416252, 0.9738345103125035, 1.066304577388219, 1.4178165566852512], "((0, 2, 3),)": [0.5447575885054811, 0.6881114924553369, 0.8988340589795673, 1.0962250824438666, 1.4617213691615245],