{"meta": {"n": 3, "c": 1.0, "a": 2.0, "a0": 0.0, "mu": 1.5, "price_grid": [1.0, 1.2, 1.4, 1.6, 1.8], "K": 0, "seed": 42, "m": 15, "xi": 0.1, "b": 3.0, "phi": 0.8, "sigma": 0.08, "rho": 0.0, "observed_shocks": false, "kappa": 0.0, "n_actions": 5, "fp": "9a9fe37a812f9be613e5cf33"}, "Q": {"((2, 2, 2),)": [0.6929844682857367, 0.7604774236216189, 1.1886193503478029, 1.1822583940617053, 1.3534821952753022], "((4, 4, 3),)": [1.0214370519321556, 1.2018364099356789, 1.587622436281212, 2.7755266633292774, 3.8491064257088974], "((3, 0, 1),)": [0.35882570667857916, 0.5924014177027873, 0.8378047097880832, 0.8206279660412212, 1.0557952009731593], "((2, 4, 1),)": [0.5498012593936481, 0.60546014419812, 1.124322487287478, 1.3379475251356203, 1.6663817026905654], "((1, 0, 0),)": [0.31038072279614365, 0.4652044657877672, 0.6835971292385631, 0.5789998184246762, 0.40355017133200183], "((1, 1, 1),)": [0.5059529866886414, 0.5266845020191697, 0.7069430267631184, 0.9363246685024131, 0.8223839732225238], "((0, 0, 1),)": [0.3615229610963285, 0.5556084865547923, 0.5699955025082256, 0.5349173227008183, 0.8400525634298793], "((4, 1, 4),)": [0.6711292201577002, 0.8932838490924947, 1.3896251154784136, 1.676412353659364, 2.097206834733216], "((1, 0, 2),)": [0.5609199839813228, 0.6372177920436711, 0.7290585740862322, 0.6583703206699439, 0.8941688377629853], "((2, 4, 2),)": [0.7465491093312813, 0.9113668449643244, 1.2299265563997082, 1.5847133642332978, 1.6299536507269423], "((0, 3, 1),)": [0.5069183215006584, 0.713066501844765, 0.8193879152413146, 0.759947353534158, 0.9841967423168398], "((0, 2, 0),)": [0.46766129024151776, 0.5198515413780038, 0.4548221405524598, 0.7798929329191487, 1.0965503407028636], "((2, 3, 1),)": [0.7217459829753055, 0.7140625595948973, 1.232066508860211, 1.0245534178164828, 1.162097697588669], "((4, 4, 2),)": [0.643358596665847, 1.0974610625433552, 1.5801999954402015, 1.9536512224970173, 2.438526197990108], "((3, 2, 2),)": [0.7010920285594576, 0.8280407439455708, 1.2596535601167034, 1.2215079229069188, 1.6269311699791955], "((4, 4, 1),)": [0.9244868660906319, 0.9371578062541259, 1.3710889878112607, 1.7427637783860022, 1.7187905729975657], "((3, 3, 4),)": [0.9168532162935787, 1.28377214289688, 1.5444634526531442, 2.121722426577774, 2.9421374568683016], "((3, 4, 0),)": [0.5338597494311482, 0.8694990813844689, 0.9678219752674574, 1.175732333628961, 1.503340101376124], "((1, 4, 1),)": [0.4993155846619646, 0.5313886015819692, 0.984824082471339, 1.051258192466568, 1.0783246302005718], "((2, 2, 1),)": [0.4771780264814567, 0.6682789412046652, 0.7005866479053258, 1.1749619902925017, 1.1364915908500648], "((2, 1, 0),)": [0.5358120004378658, 0.7031696956981976, 0.6941561133606194, 0.8632893294925513, 0.9657758329504619], "((0, 2, 2),)": [0.5391178630244441, 0.6906403403709362, 0.7946807627937039, 0.6881973837772246, 1.1202770743752895], "((0, 0, 0),)": [0.3093539577786887, 0.4307272184361639, 0.4382099054757628, 0.45146395428012076, 0.691172462834065], "((2, 0, 4),)": [0.6947349558912866, 0.854615224226036, 0.8881193595584428, 1.4184189481285057, 1.091707084531659], "((2, 1, 1),)": [0.4157807032000941, 0.7045889141588515, 0.8026538331588292, 1.091674757611938, 1.158700390624526], "((1, 3, 1),)": [0.467127351170824, 0.7052321419563166, 0.9036975958169089, 1.0896332477094597, 1.090552896187028], "((0, 2, 3),)": [0.8082939268170282, 0.744261699967363, 0.7336746766119573, 1.092887086574867, 1.0786660490814368], "((4, 3, 3),)": [0.9041651127996221, 1.0021775555581514, 1.553569064936114, 2.06108491346268, 3.063547557296176], "((3, 4, 1),)": [0.6721565832048587, 0.9238488224218646, 1.2263829406952529, 1.5001834304012238, 1.5657811752934983], "((4, 2, 2),)": [0.7267402943909385, 0.8553221998245544, 0.9832767163713931, 1.2398011077474536, 1.8311126990857578], "((1, 2, 0),)": [0.4953973056392373, 0.5488569513407169, 0.6190469432832155, 0.8053919359858962, 0.8495530077796702], "((1, 2, 3),)": [0.6344197018746458, 0.8017731027329681, 0.9922082374514134, 1.277349175645462, 1.0953179001632256], "((0, 1, 1),)": [0.4395619851477825, 0.5762234590976719, 0.6125975997212896, 0.6845747122881409, 0.7156236676791158], "((0, 3, 4),)": [0.6366939552002575, 0.8292799759207793, 0.933467130797145, 1.2005924593027124, 1.4321584766377133], "((1, 3, 0),)": [0.5931698102480002, 0.6978248666501946, 0.7293912820797954, 0.7826517407248363, 1.0575584724565463], "((4, 0, 3),)": [0.7133391770241683, 0.6724353597973005, 1.1368545130603838, 1.4626108464683751, 1.6867085432409057], "((0, 1, 0),)": [0.4284469486355961, 0.4117853817084308, 0.5716497197322549, 0.5210833612144284, 0.7243933973016297], "((2, 0, 3),)": [0.6528594889490847, 0.7136627481558495, 0.7895645982126316, 0.9458893206178336, 1.0545307063528075], "((0, 1, 3),)": [0.4806813883578442, 0.6077798998648548, 0.8583438110100838, 0.9709390757163888, 1.3051110192531337], "((4, 0, 1),)": [0.4239535319885497, 0.6315429504902683, 0.8968023883945488, 0.8343542920646292, 1.1577140749504342], "((2, 4, 0),)": [0.4545930937598784, 0.616260563964935, 0.6851156969078875, 1.1624706869228905, 1.41284358990185], "((1, 0, 3),)": [0.559342782462591, 0.7093361919260176, 0.8269885185647075, 0.8947987070324483, 1.2208713825131372], "((0, 0, 3),)": [0.457878025140458, 0.4375798060864458, 0.594740735933282, 0.8291160897839137, 1.0100495882405378], "((1, 0, 4),)": [0.5253257396081342, 0.5953517718301656, 0.9348736356792631, 1.1124596509032059, 0.974824324721699], "((4, 3, 2),)": [0.7887863502693275, 1.0213716383075933, 1.2605981082564839, 1.5833265348224455, 2.3208131945848933], "((4, 4, 0),)": [0.519066559671126, 0.8578168965529028, 1.2255915165697873, 1.4457878149863388, 1.757326615958664], "((1, 2, 4),)": [0.63904042577605, 0.8581464289321605, 1.0139711037389196, 1.1910658559012504, 1.185469295581678], "((4, 3, 4),)": [0.8483841472008127, 1.22463238770463, 1.776237917111181, 2.4760062134468632, 4.237741860668136], "((2, 0, 1),)": [0.35178683419954004, 0.6551717068410922, 0.8415610889523529, 0.8334162685966436, 1.0069629190163012], "((1, 3, 2),)": [0.5490732002988753, 0.8704196844439983, 1.069219896585955, 1.2870204565164527, 1.098892770878992], "((2, 2, 3),)": [0.647084568915317, 0.871680945547544, 1.2613230218194793, 1.273483147250308, 1.6448122196514996], "((2, 3, 0),)": [0.7010907385771571, 0.6133605446891073, 0.9418935151121818, 0.7844730753772989, 1.1867879630993805], "((3, 1, 4),)": [0.6571582880331592, 0.8778886392031431, 1.2868710611125358, 1.4858246983276753, 1.7689016304010512], "((4, 4, 4),)": [1.1282166799826794, 1.3582874029435321, 2.355298551745757, 3.095865474317993, 68.80556218793393], "((4, 0, 4),)": [0.6193523437186165, 0.9346029956451924, 1.214223938350792, 1.5564873094345113, 1.7440184636570981], "((2, 3, 3),)": [0.8492041272097007, 0.8453988310163103, 1.5692100289535864, 1.4111407510958034, 1.9597952965464356], "((4, 3, 0),)": [0.7699171847133597, 0.6767986093920143, 1.1849773311698208, 1.3797796349281954, 1.253690620386796], "((4, 2, 0),)": [0.5581548908540096, 0.720110773129394, 0.9101975078256803, 0.9732488606889856, 1.1883109333374986], "((4, 2, 1),)": [0.6241684151195965, 0.8184149358111238, 0.8851419047847837, 1.5933061947469458, 1.3427457665010616], "((4, 3, 1),)": [0.7825266467802456, 0.9022583624392431, 1.328569744701359, 1.3160521642421734, 1.6381565612177256], "((0, 4, 3),)": [0.6396507322078506, 0.8216875133306689, 0.9189327325494674, 1.289947331625707, 1.5182721630247233], "((0, 1, 4),)": [0.5446439084043231, 0.6376572119362779, 0.8478468894062611, 0.9196685348808952, 1.1762953863720012], "((1, 2, 1),)": [0.46821809965574046, 0.59618534064193, 0.7363230351142179, 0.9088448480943973, 0.8776995982796396], "((2, 1, 3),)": [0.6111314096597288, 0.9063819358433929, 0.8907227609128232, 1.238880728669793, 1.2768045182101804], "((1, 1, 0),)": [0.40281744207310793, 0.5686682180063013, 0.5472234149358338, 0.8417451962116872, 0.8611887719261361],