{"meta": {"n": 3, "c": 1.0, "a": 2.0, "a0": 0.0, "mu": 1.5, "price_grid": [1.0, 1.2, 1.4, 1.6, 1.8], "K": 0, "seed": 42, "m": 15, "xi": 0.1, "b": 3.0, "phi": 0.8, "sigma": 0.08, "rho": 0.0, "observed_shocks": false, "kappa": 0.0, "n_actions": 5, "fp": "9a9fe37a812f9be613e5cf33"}, "Q": {"((2, 2, 2),)": [0.5818079506022173, 0.7745913893100881, 1.1975715306660264, 1.1843330630103692, 1.382066766681171], "((2, 4, 0),)": [0.8589924437491031, 0.9217483935127664, 0.8494825041839399, 1.0153967439091813, 1.4987166639405995], "((1, 0, 0),)": [0.36814691652383574, 0.5494451659061628, 0.6627853475382913, 0.6457080968925561, 0.8180197449498323], "((0, 4, 0),)": [0.5401331286729916, 0.8586467525688195, 0.7070131501876529, 0.8827926263775518, 1.1120067687779849], "((4, 2, 3),)": [0.9390688328186722, 1.0906894550777562, 1.3449412456405625, 1.8042429027103932, 2.517028613325163], "((0, 2, 4),)": [0.5473960217585867, 0.8134004251416059, 0.793312148251136, 1.1624435253170409, 1.6183016287388856], "((0, 1, 0),)": [0.37307668060790344, 0.5810194690192476, 0.7321205307911001, 0.6462807438963323, 0.7195424153749096], "((1, 1, 0),)": [0.5055745603796187, 0.4632763608325448, 0.6755340987390643, 0.8777594086250882, 0.7768963058643998], "((0, 4, 3),)": [0.8225667323998934, 0.9021983666882609, 1.1987161094854095, 1.64150428155019, 1.5918863037111057], "((3, 1, 0),)": [0.4855175532516707, 0.5722591500082606, 0.8709250790628836, 0.7500528164868714, 1.197723278682822], "((3, 4, 4),)": [0.9970903479407299, 1.3069777875304258, 1.7948998806026026, 2.579699327298766, 3.177761824127935], "((3, 4, 0),)": [0.7899163105616278, 0.7249150914759726, 1.0940791285660265, 1.239709135733971, 1.613615062877108], "((1, 4, 0),)": [0.6746574973696626, 0.7795005149483644, 0.7877326841806809, 1.0916931221988415, 1.277839988461252], "((2, 4, 3),)": [0.9433785549674497, 1.042162347931457, 1.773097156453148, 1.7836446146821046, 2.4652223887922173], "((2, 0, 1),)": [0.44238839567938476, 0.5942392180079311, 0.8006065027666288, 0.8567786889079951, 0.9473730897948671], "((1, 0, 1),)": [0.5171664311768961, 0.3678294057292944, 0.698300081037269, 0.6751830096604967, 0.8954634950356485], "((3, 3, 3),)": [0.731178437164923, 1.2273374477400838, 1.6642835109234826, 1.670065323173728, 2.5045660130758836], "((1, 2, 1),)": [0.490880675935359, 0.6609498693209436, 0.8900494418024438, 0.9914621634966816, 1.0891991215726278], "((2, 2, 3),)": [0.6949641752109565, 0.8579028096975562, 1.2440585307559848, 1.5106978083924794, 1.9707292600547504], "((1, 0, 2),)": [0.5851081245962375, 0.6156403016995401, 0.6428541634722517, 0.7564429578347042, 1.167707852701055], "((3, 0, 2),)": [0.7156189386461658, 0.7535403729306249, 0.9708049381310732, 1.0574315586312044, 1.3478973322814516], "((4, 0, 0),)": [0.4048298886772346, 0.6750593187088869, 0.7861620205083168, 0.8715139415845266, 0.9223919536010474], "((2, 3, 3),)": [0.9009493153949064, 1.2196143895121319, 1.4676414707105914, 1.3968324658312825, 2.121978829673611], "((4, 2, 0),)": [0.5045902689632561, 0.6720319550955589, 0.8344198256951842, 1.0451426411573848, 1.3273523836735521], "((1, 3, 1),)": [0.5744380972582664, 0.7119432140301601, 0.88261183974361, 0.9156521439144598, 1.0504993449559783], "((0, 0, 0),)": [0.2750193362456672, 0.5062938238203494, 0.563711523403217, 0.7349349211403531, 0.8076719678734643], "((4, 0, 4),)": [0.8020745791132964, 0.9072092900792308, 1.1425010960906181, 1.2685716217612177, 1.942239180991856], "((2, 4, 2),)": [0.9276333778594383, 1.0577771438953307, 1.115883788376361, 1.5895114337451428, 2.4307271411308182], "((1, 4, 1),)": [0.7986476166623289, 0.8424723600904818, 0.9589946760190552, 1.3385109212005317, 1.0476186440088304], "((0, 0, 2),)": [0.47962142052835094, 0.6271232263624862, 0.3568529773767223, 0.774616294438074, 1.0295466036984675], "((4, 2, 4),)": [0.7017288569944515, 1.062112742888448, 1.6556249736328934, 1.9562898330422689, 2.5112661476005353], "((1, 1, 4),)": [0.6365540140059145, 0.6640970595630612, 0.9168803405140121, 1.138708136503339, 1.3055147512213083], "((1, 4, 4),)": [0.6707841531227958, 1.115762729081664, 1.144100694399258, 1.5064253597724646, 2.3534177422550187], "((3, 3, 2),)": [0.7810026206754389, 0.9718822742182678, 1.344574733497526, 1.5730118510248952, 2.150434047908959], "((0, 3, 0),)": [0.4374897054436209, 0.5925713357639004, 0.8454821950854752, 0.8379312741315236, 0.6573905072612245], "((2, 2, 4),)": [0.8560413892549636, 1.0225756021397778, 1.2271469423270362, 1.4992523320965272, 2.137928458248934], "((1, 1, 1),)": [0.49841519007190427, 0.5406971792520534, 0.5175273784402371, 0.7931460996485854, 1.0384243509410818], "((0, 3, 1),)": [0.4581880351917568, 0.4678572655896723, 0.9764874350491498, 0.9725492389777693, 1.0363355694093181], "((0, 3, 4),)": [0.5762531246316108, 1.0262897314838928, 1.2325558708860498, 1.4009194808560281, 1.8790055554219336], "((0, 4, 2),)": [0.5882838269570567, 0.9196374179428196, 0.7467738943193635, 1.2795611879101298, 1.7351495748163015], "((2, 3, 0),)": [0.6492827235245524, 0.6577191386158008, 0.8280513597500769, 1.013107865341437, 1.099912223283292], "((4, 4, 2),)": [0.9695511883561052, 1.1008122631432782, 1.474992912562526, 2.415094484420712, 2.9359450622067187], "((0, 3, 3),)": [0.6788344591071654, 0.8313736983565511, 1.0015315045133402, 1.3050567914414781, 1.4338043901015916], "((1, 4, 2),)": [0.6178064207278484, 0.7483236179719703, 0.9785206660556539, 1.5664282413618462, 1.6553202057868963], "((4, 4, 3),)": [1.1160277800148255, 1.3739640124133734, 1.6770233219693336, 2.6124291352950193, 3.381434943570348], "((1, 2, 2),)": [0.5169846831732907, 0.7835668327846184, 0.9768151589545904, 1.0286050534485656, 1.2416532274550909], "((4, 1, 3),)": [0.6341242975187871, 0.9869271111304913, 1.178832965019048, 1.483847445364223, 1.943802328526665], "((4, 1, 0),)": [0.4418274257012348, 0.8238923672101325, 0.9358788183522487, 0.883073655069722, 1.1217366983859605], "((1, 0, 3),)": [0.592652551468924, 0.49320481124062654, 0.8719439786079548, 0.7739117745093713, 0.9976798261008634], "((4, 2, 1),)": [0.7425592540009638, 0.8447995074855188, 1.073362258009268, 1.3309488408890686, 1.3434971357938241], "((3, 3, 1),)": [0.7087076232901842, 0.7629236731878005, 0.9475294492918632, 1.2382943749747342, 1.6459074922035752], "((2, 1, 4),)": [0.6414292149438201, 0.8014094201743904, 0.9209532498255469, 1.3654927761305458, 1.5776094719734974], "((4, 0, 2),)": [0.5532224415818165, 0.8350336270885024, 1.083864316006213, 1.0323371228195182, 1.3753870002865525], "((0, 4, 1),)": [0.4021191133178018, 0.6854784769492932, 0.9695901492386879, 1.087482994864029, 1.1703316665948105], "((0, 3, 2),)": [0.545065683250565, 0.5654022381744668, 0.9138516770800044, 1.0932108908456062, 1.2854576484368307], "((0, 4, 4),)": [0.7310293433550275, 0.9617334289157035, 1.2880762380817208, 1.309924449224807, 1.9229481967629587], "((4, 0, 3),)": [0.741600577177545, 0.8945676403890283, 1.2543158393868643, 1.2826326480196193, 1.407036927196128], "((4, 4, 0),)": [0.6849275377100742, 1.155204911407246, 1.2135143551791279, 1.4285961474991158, 1.736050114214178], "((1, 1, 2),)": [0.4946224690262379, 0.6090494778214477, 0.873972379471657, 0.7133118540948025, 1.0447216388771563], "((1, 3, 4),)": [0.7337306274248935, 0.7698647290396436, 1.192198929756494, 1.3716622041183257, 1.733297039917272], "((1, 1, 3),)": [0.533899991561059, 0.8290085973997514, 0.9039325215696485, 1.0232582746960486, 1.1784758280401175], "((2, 0, 2),)": [0.5669532684601821, 0.5767283231434969, 0.8556604725683156, 0.9689096189506233, 0.9965297692372688], "((2, 0, 0),)": [0.25568356214651006, 0.5740664764301338, 0.7283462824353772, 0.9849472770216425, 0.7570768791658916], "((1, 3, 0),)": [0.5300740470054716, 0.7199639116510209, 0.7995861168696321, 0.9419819953397175, 0.9091702364959655], "((4, 2, 2),)": [0.7343294093949617, 1.0351816210717821, 1.4267383882941846, 1.3995766165934214, 2.021793592718642],