{"meta": {"n": 3, "c": 1.0, "a": 2.0, "a0": 0.0, "mu": 1.5, "price_grid": [1.0, 1.2, 1.4, 1.6, 1.8], "K": 0, "seed": 42, "m": 15, "xi": 0.1, "b": 3.0, "phi": 0.8, "sigma": 0.08, "rho": 0.0, "observed_shocks": false, "kappa": 0.0, "n_actions": 5, "fp": "9a9fe37a812f9be613e5cf33"}, "Q": {"((2, 2, 2),)": [0.7223618464331851, 0.7556264116679708, 1.0708081891011902, 1.3017188140709994, 1.232916823925339], "((2, 4, 0),)": [0.564249179262593, 0.61785437372171, 1.0529766517087888, 1.2975503580452556, 1.2880356071901935], "((1, 0, 0),)": [0.3902165935697499, 0.5299771029377904, 0.711150477884575, 0.6274329527864314, 0.7205746415811147], "((0, 4, 0),)": [0.3896181609079962, 0.7256352468755066, 0.7738640505475957, 1.0587813459777742, 0.9725413727645957], "((4, 2, 3),)": [0.8819330676807853, 1.0643128392360464, 1.4211410744178452, 2.150578261274994, 2.143133613448422], "((0, 2, 4),)": [0.6713370979728778, 0.8777893733794957, 1.3070890322092525, 1.1412715140971899, 1.2080878296695843], "((0, 1, 0),)": [0.3029322445440093, 0.594123491904542, 0.605023204918987, 0.7949100609421411, 0.674283650038857], "((1, 1, 0),)": [0.48405784245899736, 0.5410483448229366, 0.6517584092724845, 0.6618368050874374, 0.878658445103993], "((0, 4, 3),)": [0.6673275433834376, 0.9324738971563404, 1.0703320327994872, 1.469690990070554, 1.6934441173799477], "((3, 1, 0),)": [0.4917025621473804, 0.6428928805981925, 0.712755789958964, 0.98599602373539, 1.0319089114418507], "((3, 4, 4),)": [0.9483143445683474, 1.2104014883357406, 2.060915153821114, 2.189302625161663, 3.04638991557213], "((3, 4, 0),)": [0.6663443073456162, 0.8169364874365268, 1.11487619855148, 1.4136544997574407, 1.3886988792035202], "((1, 4, 0),)": [0.5689732939613076, 0.6123533589980661, 0.9799532754938741, 1.0314372384506876, 1.2356384915752057], "((2, 4, 3),)": [0.8755901980806049, 1.0606175401041076, 1.4728155432113061, 2.2340782007368087, 2.078547079648142], "((2, 0, 1),)": [0.5027048358966197, 0.6220032904285415, 0.7840571469070909, 0.7520037146305197, 0.952445633759943], "((1, 0, 1),)": [0.4537047309006264, 0.5349498703828036, 0.5900971608408475, 0.8002263348071836, 0.7661679306585572], "((3, 3, 3),)": [0.8234347594510454, 1.1187385339996343, 1.4377107660516428, 2.0537396648715056, 2.160395151604769], "((1, 2, 1),)": [0.5573316598150642, 0.6789560456658601, 0.7380660532751815, 0.9113185810457922, 1.1248314796306833], "((2, 2, 3),)": [0.5683405938541839, 1.0094194680517325, 1.4249255074265803, 1.4075962410995806, 1.7992102253301039], "((1, 0, 2),)": [0.35332696627108634, 0.570139488778558, 0.8283755136937525, 0.6932232178980537, 1.1351146283539644], "((3, 0, 2),)": [0.5076056247040492, 0.766522825316223, 0.9448275664285409, 1.1098061888868433, 1.3149494942282114], "((4, 0, 0),)": [0.39963535133809247, 0.6348841918865556, 0.7293868681827145, 0.7922814198948491, 1.009523037744652], "((2, 3, 3),)": [0.7522031113430923, 1.0578918684504197, 1.3318979082728786, 1.879777848457729, 1.758350538821177], "((4, 2, 0),)": [0.5596867381523529, 0.8557816752325809, 0.9993479075156334, 0.8489281085214481, 1.1920265321193821], "((1, 3, 1),)": [0.5540685166328311, 0.8336352176725516, 0.8496433993177993, 0.9059947264523764, 0.9242074912578264], "((0, 0, 0),)": [0.3854918916864601, 0.5448529433404843, 0.6135836780157577, 0.7294364967836936, 0.6154311014573087], "((4, 0, 4),)": [0.6756995076375304, 0.8030172771759321, 1.2346560647196834, 1.553236180846466, 1.6632242531127113], "((2, 4, 2),)": [0.8509721665732585, 0.9003752430957247, 1.1461740663647857, 1.7155815754841828, 2.2708749519118223], "((1, 4, 1),)": [0.5742455694702486, 0.7812314323661662, 0.9288473008482063, 1.2632663153431318, 1.2358213857493077], "((0, 0, 2),)": [0.4242831118927833, 0.5856600781824066, 0.619775423001952, 0.8113611948427405, 0.8847284757845184], "((4, 2, 4),)": [0.8405811565206482, 0.9114300258230021, 1.7654485941425677, 2.179011292585867, 2.25286471389371], "((1, 1, 4),)": [0.55870397898611, 0.7948160455972151, 0.9715163533415527, 1.1558980170297155, 1.1614496744512333], "((1, 4, 4),)": [0.7507323113051249, 0.9811010571493036, 1.4609550857760194, 1.707190081331963, 2.0720974030275965], "((3, 3, 2),)": [0.777511124319398, 0.8905007024136407, 1.3555722148288094, 1.4140906031824723, 2.068569542256574], "((0, 3, 0),)": [0.30617780007372836, 0.5480624637655355, 0.5784158273208445, 0.6901641447468555, 1.069095116393916], "((2, 2, 4),)": [0.6446248368160862, 0.844547485199605, 1.0051446864548235, 1.6488520702940916, 2.0066150613799945], "((1, 1, 1),)": [0.4937714488668971, 0.5811633204621235, 0.7237546959921984, 0.8244243830128322, 0.7949253184595977], "((0, 3, 1),)": [0.4553042000451474, 0.46435865808583876, 0.9261519626156963, 0.8792461813282907, 1.108621500933081], "((0, 3, 4),)": [0.5945365219072517, 0.8146619552595991, 1.168802179955386, 1.638843815835664, 1.6636052007338447], "((0, 4, 2),)": [0.5455256821233325, 0.6410864554551666, 0.8518359279002178, 1.248250583030801, 1.6867522947032594], "((2, 3, 0),)": [0.4624719060874224, 0.6098657950711791, 0.9308459306694321, 0.936057135361053, 1.0804599285797059], "((4, 4, 2),)": [0.8632015564222911, 1.1785622495523431, 1.5206855470434597, 2.1056033522515527, 2.826974148991353], "((0, 3, 3),)": [0.6642506636751675, 0.8161042293768708, 1.0753469122423835, 1.1913897140267298, 1.4073648097754918], "((1, 4, 2),)": [0.7196812233259766, 0.7463345448450778, 0.9741018909364569, 1.3954251034786747, 1.7106133922720264], "((4, 4, 3),)": [1.171211265083326, 1.249060009197829, 1.849305631112107, 2.3283996466371275, 3.222114205682418], "((1, 2, 2),)": [0.5421006963413146, 0.8364926519628366, 0.9424151576053104, 1.2045694391139472, 0.9720378505218676], "((4, 1, 3),)": [0.807435561021712, 1.0569091093564629, 1.1019065827349501, 1.5235850118108132, 1.863920991158936], "((4, 1, 0),)": [0.5515761900702492, 0.4777432814813753, 0.8105434304533791, 0.9977981161364649, 1.2010251838387278], "((1, 0, 3),)": [0.5009733529986343, 0.5237468461487611, 0.6593688487219937, 0.7487325578064117, 1.0973668362505034], "((4, 2, 1),)": [0.5812947019264918, 0.9054211181414707, 0.9150975211045335, 1.3936345746204684, 1.2872987700922804], "((3, 3, 1),)": [0.5813011392237418, 0.7773402930682254, 1.1704244976763096, 1.5281330965394906, 1.1183525344906824], "((2, 1, 4),)": [0.7851886379123715, 0.8053974125249681, 0.9410521135402676, 1.5029433741352418, 1.3195673891507775], "((4, 0, 2),)": [0.5730992810906738, 0.8043770339324336, 1.037385110006924, 1.2431188285656356, 1.1001863231477254], "((0, 4, 1),)": [0.6301371752421133, 0.7861035845109176, 0.8487128162706082, 1.1249903738231302, 1.0558182290005955], "((0, 3, 2),)": [0.5495362049117253, 0.6430981199952039, 0.9710813773034279, 1.2205031896918106, 1.0069118070951162], "((0, 4, 4),)": [0.580876339545404, 1.0573049814333637, 1.0296609248880346, 1.6627762244181263, 1.6366485392111683], "((4, 0, 3),)": [0.5235103714762999, 0.7838261955452897, 1.073096273032272, 1.3253949359364368, 1.449830480574326], "((4, 4, 0),)": [0.7351835323318708, 0.7426585174881606, 1.119104107853285, 1.5063845231498674, 1.6939933632842512], "((1, 1, 2),)": [0.6099116679437454, 0.5667021516505604, 0.6480339299693769, 0.9880069044740114, 0.8554396033182661], "((1, 3, 4),)": [0.7795722648050419, 0.9547600641818044, 1.0081277334853542, 1.5298807221822757, 1.5557642242442702], "((1, 1, 3),)": [0.6395283182048138, 0.7046946000075823, 0.7758250540901959, 1.108271692642805, 1.1488916477840427], "((2, 0, 2),)": [0.45228838448832587, 0.5368510969537565, 0.8728594442039118, 0.9750394361299087, 0.9715386978111428], "((2, 0, 0),)": [0.3053609759543747, 0.3568141681959107, 0.6554324887162, 0.8943752751662427, 0.9524574029109005], "((1, 3, 0),)": [0.47575587461892643, 0.6719587173865581, 0.6413512204053907, 0.9500871382590365, 1.0130293920403364], "((4, 2, 2),)": [0.8128748385140145, 0.9962987305002383, 1.2114004332241628, 1.5219656684005058, 1.8678346393340273],