{"meta": {"n": 2, "c": 1.0, "b": 3.0, "phi": 1.0, "sigma": 0.0, "rho": 0.0, "kappa": 25, "K": 1, "price_grid": [1.0, 1.25, 1.5, 1.75, 2.0], "observed_shocks": true, "mu": 1.5, "seed": 42, "n_actions": 5, "fp": "0abac3921a702a92a15fbbac"}, "Q": {"((2, 2),)": [1.6706405220936742, 6.664989738121181, 6.98831945656233, 4.155852293884804, 2.1162703768577615], "((4, 2),)": [0.6901072556187823, 2.4173987903603353, 3.5501819158602475, 1.660631193116223, 0.8994089974365538], "((3, 0),)": [0.8535447916204096, 2.721278657711443, 2.9778228878494892, 2.2768944813496894, 1.0077268935975956], "((4, 4),)": [0.8457237083327594, 1.6289917986562479, 2.6795096290962204, 1.427969918637058, 1.16957851544601], "((0, 3),)": [0.7496589849742953, 1.5205090104909358, 2.514624321041649, 1.8308363004417003, 1.2689408746776865], "((1, 0),)": [1.2020647209031248, 2.849897466161058, 3.2804695973842333, 2.6679726217812645, 1.7883643018122124], "((4, 0),)": [0.46605528697544807, 1.6066955445194804, 2.0915950374586614, 1.7898194011017838, 0.5869737121778262], "((0, 4),)": [0.7218444150146882, 1.9094879909638582, 1.0233339974692093, 1.6236417041136897, 1.1964476176295373], "((1, 4),)": [0.8785561780286117, 1.6168550766164533, 4.285482848414523, 2.061253308113704, 1.1844775797876734], "((2, 0),)": [1.1250872953585256, 2.557341105129534, 6.183812367820083, 2.8575558574536704, 1.1279881507138652], "((3, 3),)": [1.1172610387856703, 2.6522214320805833, 4.335952483038211, 2.410243579930308, 1.4032119828543514], "((3, 1),)": [1.1856919545490707, 2.316170082488161, 5.696945381158928, 2.541355375231465, 1.3621343421912318], "((3, 2),)": [1.2509627134311685, 3.8913753777427855, 4.449713487747704, 2.6349531223502374, 1.5337456050035103], "((0, 2),)": [1.1340024422207642, 2.404920813618899, 1.798980237771429, 2.4439038385398146, 1.314340057240952], "((4, 3),)": [1.3036537858042059, 1.657447683431604, 2.647994897964621, 2.007003660027572, 1.4018250528291916], "((0, 1),)": [0.9772013124153696, 1.5904639893998191, 3.252765962776585, 1.7724345652911278, 0.8475964937222957], "((1, 3),)": [1.2809897139459756, 3.6176534714415682, 6.0952697588637434, 2.1885139945663816, 1.4913712378983208], "((4, 1),)": [1.05090037877865, 2.6000289283215805, 1.7300959985845006, 2.131157734233005, 1.038725438704409], "((1, 2),)": [1.2827271524724626, 3.818845597928386, 6.812385706554572, 3.4999222406866384, 1.3413568491461627], "((2, 4),)": [1.1863287888374872, 4.126557825708127, 5.977279757649464, 2.791583555920974, 1.4964673040385494], "((3, 4),)": [0.5897621080930163, 2.17433185798687, 3.9822874525322054, 1.8021453832931704, 1.0153628914352493], "((2, 1),)": [1.7952922586263402, 21.57559639017789, 21.46505588233184, 3.632174333104676, 1.5667753106138667], "((0, 0),)": [0.40653303972466104, 1.1007472655282533, 1.8842380461995099, 1.338068771169734, 0.6966143509981304], "((1, 1),)": [1.4371103228327209, 5.434329616843525, 21.466546084722758, 2.488862725260369, 1.5653175831282984], "((2, 3),)": [1.1368824116958518, 4.791009327957136, 6.8289644755500465, 3.6844074194720067, 1.9247940289040746]}}