{"meta": {"n": 2, "c": 1.0, "b": 3.0, "phi": 1.0, "sigma": 0.0, "rho": 0.0, "kappa": 25, "K": 1, "price_grid": [1.0, 1.25, 1.5, 1.75, 2.0], "observed_shocks": true, "mu": 1.5, "seed": 42, "n_actions": 5, "fp": "0abac3921a702a92a15fbbac"}, "Q": {"((2, 2),)": [2.0417980888617504, 8.268654619651908, 74.98871037743415, 4.9002024929005445, 2.570297328803263], "((3, 2),)": [1.9553435442734868, 4.8914332866587555, 5.833421534145966, 4.488432085431709, 2.2663611818426084], "((4, 3),)": [1.1460433621300365, 2.2302850368989953, 1.7423022843444942, 2.2667625551220016, 1.4272694979564697], "((0, 4),)": [0.8108302413351354, 1.6115898635150876, 1.8806904517582144, 1.6558751506102847, 0.9686383509039947], "((3, 3),)": [1.3136480217746993, 3.0037832667863453, 3.4723657593257915, 3.0071774519450907, 1.7022741900344112], "((0, 2),)": [1.2876404549954208, 3.2697561109475477, 2.8636850724463807, 2.5572046207098658, 1.176359052647795], "((1, 4),)": [1.2518952524365559, 3.0641890048308915, 2.7601427089694672, 2.458602121759032, 1.7233709466410154], "((3, 4),)": [1.2602413120383096, 2.3370597887527222, 3.0516284396317785, 2.2016593872055106, 1.1180244556430106], "((2, 1),)": [2.0032766767823036, 6.246941068394777, 6.7790737168287185, 3.783578772113899, 2.252868405695689], "((2, 0),)": [1.0947452427059656, 2.117218620883919, 2.670049951387281, 2.0150104040796415, 1.4057067042345623], "((3, 1),)": [1.7513251243768146, 3.6952126181521185, 5.170024482788899, 3.9517139277659954, 2.176702246012588], "((4, 4),)": [0.8523693785200495, 1.783840639473365, 1.7114828886392788, 1.8669486939415774, 0.7568735398466526], "((3, 0),)": [0.9579238476014105, 1.6443267025127537, 2.3191627271042488, 2.3930949914608672, 1.1946675362493284], "((0, 3),)": [1.0040210810309227, 1.9212344373983514, 2.5265492004696966, 2.194957917106327, 0.9659151989762418], "((1, 1),)": [1.7320332776728178, 5.321369348768305, 5.8448741051547906, 4.08739116659408, 2.287278513830403], "((1, 3),)": [1.7532941556656492, 3.2555444520917476, 4.022197351619783, 3.2425525695051, 1.4594467526983443], "((2, 4),)": [1.243142785795415, 2.3099306163179794, 3.538667692588125, 3.035822410120212, 1.5233422559323395], "((0, 0),)": [0.6343359021792543, 1.4346700555017997, 1.459288067918762, 1.334135861603885, 0.6943632118123972], "((2, 3),)": [1.64750668151555, 4.000774346343553, 4.45447623120616, 3.4553307524262378, 2.109747181250709], "((1, 2),)": [1.8853081796378455, 6.77542961375, 8.891097584845872, 4.384034791629834, 2.1263792475949974], "((4, 1),)": [1.431349972585077, 3.24887890961049, 2.9939853001625383, 2.411471752806986, 1.432617632104266], "((0, 1),)": [1.0249806058174533, 2.407539049841425, 2.8564075722317868, 2.4322512660264537, 1.140585076984574], "((4, 0),)": [0.6605956339789874, 1.5899974153719596, 1.8216536154221048, 1.6799587417817794, 0.7453439323075074], "((1, 0),)": [0.952571215278383, 2.063058605852635, 1.6857708138202947, 2.598927236235706, 1.5228494811772642], "((4, 2),)": [1.05712795260287, 3.196848703545117, 3.3744560704049547, 2.8821412613080555, 1.4409285131768574]}}