{"meta": {"n": 2, "c": 1.0, "b": 3.0, "phi": 1.0, "sigma": 0.0, "rho": 0.0, "kappa": 25, "K": 1, "price_grid": [1.0, 1.25, 1.5, 1.75, 2.0], "observed_shocks": true, "mu": 1.5, "seed": 42, "n_actions": 5, "fp": "0abac3921a702a92a15fbbac"}, "Q": {"((2, 2),)": [2.2441086886025077, 5.876491430789548, 5.542817376209131, 4.39662107391015, 2.3842607373174194], "((2, 4),)": [1.140427744155405, 2.4701717748742285, 3.5179011790078683, 1.6865841575936094, 1.4400208251615076], "((0, 1),)": [1.3799138719172521, 1.6375415402281255, 4.266659746037197, 2.0016786184187683, 1.2331013422536188], "((0, 0),)": [0.454160490436095, 1.1305822599713609, 1.6646434165857154, 1.7456642518718222, 0.8250563525072769], "((0, 4),)": [0.7727356119906726, 1.4049436912783457, 2.2279173744189897, 1.3682125806074295, 0.6984989179063366], "((2, 3),)": [2.0320665348390814, 5.112182751619852, 5.189148677826329, 3.533737584644316, 1.7151153196884623], "((0, 2),)": [1.4532937604213343, 3.5082945928835647, 3.547636101792083, 3.5693964881798825, 1.117779831009988], "((4, 0),)": [0.9848604510889803, 1.4749943799229563, 2.2581278619914595, 1.548496998407965, 0.9339503338253976], "((1, 0),)": [1.1264944847033476, 3.0965105319412727, 3.5014344690625787, 2.05329077671652, 1.0697486760445014], "((1, 1),)": [1.5791869485407692, 43.7433146969282, 13.605559431232642, 5.721633498438949, 1.9839544253143704], "((4, 3),)": [1.0194350953101265, 2.6318130273409013, 3.4484718054000187, 2.137364339490574, 1.2110788133878199], "((3, 1),)": [1.8515478447242333, 3.3907580315353996, 5.309177555467261, 3.872704386316502, 1.7075106133909046], "((0, 3),)": [1.2773366773492556, 1.9150843370518458, 2.7862160156689826, 2.367076813840438, 1.3416522121228869], "((4, 4),)": [0.8537451285317821, 1.5245268981523878, 2.2734919393847166, 1.641902206737213, 0.8779660556401729], "((3, 4),)": [1.1727456514179397, 2.446052528395617, 2.59143153054596, 2.3602317896206153, 1.3608015861518181], "((3, 2),)": [2.3021543128462603, 5.295072043786215, 5.026841610535745, 3.522647456640261, 1.8346410430292364], "((1, 3),)": [1.9004621990001929, 5.6464662437537845, 6.508486072857642, 3.633455066093301, 1.6806711482519259], "((3, 3),)": [1.5376028383870142, 3.537104714616056, 4.551725933003796, 2.591327361324949, 2.000110606401599], "((2, 0),)": [1.357508390758275, 2.3599819151789694, 3.8058642895751937, 2.5356970407448673, 1.2390574012601592], "((2, 1),)": [2.1563476745990533, 6.216110823426399, 5.595083590452841, 4.016989745168303, 1.58913960845239], "((3, 0),)": [0.9830134183630728, 2.4553684110172638, 3.256931958170923, 1.7944263164752712, 1.2066277513315558], "((1, 2),)": [1.6975694743759475, 14.608776856608609, 8.364431638670677, 5.602201781847551, 2.424419903889854], "((1, 4),)": [1.1246151070759665, 2.071486954071012, 3.6306774855147657, 2.289266423944533, 1.402364434458426], "((4, 1),)": [0.9621866005560059, 3.2396319810931304, 4.276204041648973, 2.4011782267255835, 1.4726788657237886], "((4, 2),)": [1.8523927172187042, 3.6046525166532133, 4.648112143796404, 3.1625063240785565, 1.2134361374626814]}}