{"meta": {"n": 2, "c": 1.0, "b": 3.0, "phi": 1.0, "sigma": 0.0, "rho": 0.0, "kappa": 25, "K": 1, "price_grid": [1.0, 1.25, 1.5, 1.75, 2.0], "observed_shocks": true, "mu": 1.5, "seed": 42, "n_actions": 5, "fp": "0abac3921a702a92a15fbbac"}, "Q": {"((2, 2),)": [1.9606973611791614, 6.162707170602243, 6.096174206506244, 3.91928827888489, 2.529911397032526], "((4, 4),)": [0.4561423311802989, 1.4077882412857607, 2.5483669221748158, 1.5638365633312796, 0.4769018323322061], "((3, 3),)": [1.291038323515314, 3.4065632151570218, 3.6572273751447093, 2.716051816368251, 1.7099830804251035], "((0, 1),)": [1.2620658591681595, 2.6825855622087693, 3.217891198368596, 1.7107566586066585, 1.1522616697440484], "((2, 4),)": [1.3592127276631119, 2.7377035110329984, 4.539297087961151, 2.8360816527142987, 1.7817992931562316], "((1, 1),)": [1.890125207043834, 43.74456935388647, 8.973766055172758, 3.631867802151306, 2.4796835315000916], "((0, 0),)": [0.6645299764225194, 1.5664887981709414, 0.9936875711708775, 1.0483111928755176, 1.075287425716759], "((1, 0),)": [0.7835468063084566, 1.7050323907922482, 3.350808075030415, 1.7974430843215878, 0.8598364245673347], "((3, 4),)": [1.2846204790683888, 2.354715546100608, 3.2296711913975678, 1.5113150963171567, 1.280718005534013], "((1, 4),)": [1.3569301510128837, 3.0133537373161183, 3.9354284933509405, 2.311241512332173, 1.4045497797480306], "((4, 2),)": [1.0735951909156993, 3.5069906664144144, 3.8252016281919707, 2.053831410011161, 1.3475988004636126], "((0, 3),)": [0.9692699558802421, 2.0152442391308782, 1.984306588416147, 1.722770492432096, 1.4404692937370562], "((1, 2),)": [1.6816186488404015, 6.224954347146694, 6.254493419486083, 4.4310178651106495, 2.3915870553777134], "((2, 0),)": [1.1559000308964489, 2.073899721443924, 3.3031485004014782, 2.049918284954899, 1.2636597508497902], "((2, 3),)": [1.8030859536994408, 4.443675879658727, 4.8054612559591, 3.3890395670808395, 2.316746541812338], "((3, 2),)": [1.6846479118505784, 4.848807295705797, 4.568825207627983, 3.2131962356295354, 1.8775003429477073], "((4, 1),)": [1.2843673333656485, 2.020058684826941, 3.998568266422183, 2.316242999968734, 1.2496506952884876], "((4, 3),)": [0.8707861672882324, 2.362038529280621, 2.922095780459127, 1.506848187439664, 0.988524953411903], "((4, 0),)": [0.5964693709090746, 1.66477598971778, 1.6125276435709888, 1.907206030835784, 0.508497188147178], "((1, 3),)": [1.4754025009730585, 4.812970226257354, 4.301935666222013, 2.8186901952423336, 2.4377205390903], "((2, 1),)": [2.293392177765859, 10.105731206907404, 7.708310605264323, 4.2369765284359096, 2.3703862986588526], "((0, 4),)": [0.6215234217444898, 1.5771889811165145, 2.078282452808632, 1.4748771115690975, 1.059405116745735], "((3, 0),)": [1.1010957604481297, 2.049757759503842, 1.902956316276336, 2.150991043334183, 0.9074008894764233], "((0, 2),)": [0.9803451423776535, 2.1689674532094907, 3.53212848744315, 2.5868973080374618, 1.5816447889937288], "((3, 1),)": [1.491283724337093, 4.994887065738844, 5.397185510908824, 3.3823740728666953, 1.9685559653097744]}}