{"meta": {"n": 2, "c": 1.0, "b": 3.0, "phi": 1.0, "sigma": 0.0, "rho": 0.0, "kappa": 25, "K": 1, "price_grid": [1.0, 1.25, 1.5, 1.75, 2.0], "observed_shocks": true, "mu": 1.5, "seed": 42, "n_actions": 5, "fp": "0abac3921a702a92a15fbbac"}, "Q": {"((2, 2),)": [2.1098107703017894, 7.414043844075443, 74.98878749566529, 4.367464544333876, 2.943055104169479], "((3, 2),)": [1.4896863500143251, 5.735911880058252, 7.087715683078765, 3.4904256562990144, 2.586572537226702], "((4, 3),)": [0.8262465695312691, 2.451670380608778, 2.6919622305178867, 1.5402983861306576, 1.6731703415683425], "((0, 4),)": [1.00235019826654, 1.5243636979310484, 2.3588982592706893, 1.336490126057158, 1.20304781198373], "((3, 3),)": [1.4976911575195277, 3.694055542613907, 3.8723192897231486, 2.6119031185005315, 2.29887544468171], "((0, 2),)": [1.2544125610659727, 3.5358523445933634, 3.5199383039990284, 2.2951169796927493, 1.6121549061778673], "((1, 4),)": [1.1426572684427554, 3.5360017232422782, 2.8693947047658046, 2.662298499126361, 1.6330097533367351], "((3, 4),)": [1.1523489992640108, 3.0301134733958026, 3.2969746837159395, 1.7660085899222544, 1.311925885508692], "((2, 1),)": [1.9784500023294334, 5.258058842376113, 8.133229242492197, 3.6695021856434598, 2.4972478669848917], "((2, 0),)": [1.2134775393535517, 3.1605505677904264, 2.9765432236263116, 1.4793501740867445, 1.1932757565938434], "((3, 1),)": [1.6783605289315993, 4.25856630905551, 6.400570306430361, 3.386264277241906, 2.604445774670192], "((4, 4),)": [0.9521606398464996, 2.160544314479614, 1.96257204724806, 1.1426641855099624, 1.3253928360196423], "((3, 0),)": [1.2214040258790937, 2.07223692974051, 2.8824216410092904, 2.0232183395732335, 1.528428965496098], "((0, 3),)": [0.8552235837009264, 2.264060187832583, 1.9989755928202926, 2.330532350096398, 1.7391551322219536], "((1, 1),)": [1.9190088889034758, 5.67510838579599, 7.30501750773331, 3.531791000902592, 2.483083253212158], "((1, 3),)": [1.5860226523071872, 4.346718230340623, 4.422580021134284, 2.912471658754128, 2.1488205847277397], "((2, 4),)": [1.1556021695877599, 3.2839487777410197, 4.149481896666458, 2.6564273700503844, 1.7048911622881602], "((0, 0),)": [0.6126571438679488, 1.6403223591955778, 1.799242131501275, 1.0770818864656277, 0.7692723680456651], "((2, 3),)": [1.4337995471488185, 4.256541524154865, 5.5774095564389405, 3.0614459422374884, 2.001724136027774], "((1, 2),)": [1.7684234271955095, 6.838034308196412, 9.793046681612356, 3.442547418576921, 2.5014924509999896], "((4, 1),)": [1.3706335834991163, 3.2776342480718474, 3.320865184381506, 2.8650226572887867, 1.6889200859004219], "((0, 1),)": [1.2129937871992125, 3.2823174072133496, 3.1795327671979496, 1.491549723916279, 1.8069850046119822], "((4, 0),)": [0.677769027612458, 2.106682491529809, 1.5738083576803223, 1.426959059157086, 1.140591647334], "((1, 0),)": [1.1695149176032387, 2.591895733648464, 3.309038366911617, 1.4304303787759278, 1.2536023939751537], "((4, 2),)": [1.354391102634745, 2.65098894066249, 4.198173861099648, 3.054590849489651, 1.9721633109363885]}}