{"meta": {"n": 2, "c": 1.0, "b": 3.0, "phi": 1.0, "sigma": 0.0, "rho": 0.0, "kappa": 25, "K": 1, "price_grid": [1.0, 1.25, 1.5, 1.75, 2.0], "observed_shocks": true, "mu": 1.5, "seed": 42, "n_actions": 5, "fp": "0abac3921a702a92a15fbbac"}, "Q": {"((2, 2),)": [2.1706896230713917, 6.364676710150433, 4.682955185520566, 3.831898174737545, 2.3666337329896985], "((2, 4),)": [1.0407030183306587, 2.2459621753489825, 1.9917189096886603, 2.091902476203343, 1.5152638116256658], "((0, 1),)": [0.9131607702172185, 3.461098444916811, 2.5125430227251786, 2.0100890879277737, 1.2426772293697965], "((0, 0),)": [0.7941070966335042, 1.398915984447213, 1.2008713637393502, 1.1212262336354415, 1.00628231212865], "((0, 4),)": [0.7362814561231448, 0.7545127205974101, 1.7648413049518388, 1.6251139225279545, 0.6222845303757478], "((2, 3),)": [1.57172249601513, 5.372507014934449, 4.071526154096272, 2.9487858863004885, 2.0191147457289866], "((0, 2),)": [1.5068753253078093, 3.250431432588827, 2.589714393647801, 2.568135701941979, 1.597566899624279], "((4, 0),)": [0.870588881417334, 1.4263620129085786, 1.755444064825565, 1.3404752451800765, 1.0409546567109065], "((1, 0),)": [0.8333455894438418, 1.9446145332873173, 2.3712933907472484, 2.500592019899387, 1.4300917808133922], "((1, 1),)": [2.0037383469578627, 43.74379508152885, 5.7147315566106816, 3.537729723107655, 2.439691410666919], "((4, 3),)": [0.9199408856361637, 2.7709562136778425, 2.2159711606139867, 1.9250844471174893, 1.4929027706870972], "((3, 1),)": [1.6636524441425542, 4.493793224858226, 4.318034683588839, 3.3182925730767794, 1.9707315151470084], "((0, 3),)": [0.9993577805393647, 2.0346276651380815, 2.403369621192236, 1.3798809560607699, 1.24811741509006], "((4, 4),)": [0.7105114738837705, 1.3282223940626954, 1.8466108033207664, 1.3697372973923474, 0.9302113632245775], "((3, 4),)": [0.878339976913133, 2.0539563621721406, 1.839389309712655, 2.087291576871511, 1.4089564790030418], "((3, 2),)": [2.2265961533413776, 5.338061651855492, 3.6419060116017645, 3.363777897479112, 2.3765239620643746], "((1, 3),)": [1.6434815496375879, 8.086514991745894, 4.15289871517393, 2.7837081154124124, 2.2845986985356954], "((3, 3),)": [1.4741086119318407, 3.7181531030220656, 2.844616224579496, 2.351028547550388, 2.2561933391048123], "((2, 0),)": [0.9275651826266235, 2.5550263835568874, 2.414252560809366, 2.486314683593089, 1.273196182604032], "((2, 1),)": [1.8207125433260205, 7.067664794593776, 4.688401182931043, 3.5414088726535424, 2.3291081462427448], "((3, 0),)": [1.076745508261287, 2.0013705201159424, 2.186150333712904, 1.918066788234847, 1.3462493190222709], "((1, 2),)": [2.2928144199230496, 17.041250976290012, 5.970052422230727, 4.055973093208887, 2.3814220898841074], "((1, 4),)": [1.1415910606471262, 2.3958820641363676, 2.565300981029231, 1.758645267572574, 1.6352810353884095], "((4, 1),)": [0.9628563713091556, 3.1134440231310427, 2.935447408536692, 2.3554418723941386, 1.7139334419658214], "((4, 2),)": [1.6263207453275166, 4.024487960710976, 3.197658184658104, 2.8254725766159745, 1.4318130410209486]}}