{"meta": {"n": 2, "c": 1.0, "b": 3.0, "phi": 1.0, "sigma": 0.0, "rho": 0.0, "kappa": 25, "K": 1, "price_grid": [1.0, 1.25, 1.5, 1.75, 2.0], "observed_shocks": true, "mu": 1.5, "seed": 42, "n_actions": 5, "fp": "0abac3921a702a92a15fbbac"}, "Q": {"((2, 2),)": [2.897100247880907, 6.7380480596867205, 5.252733710717326, 3.9554618227322536, 2.726529677240039], "((4, 2),)": [1.2139468530232866, 1.6225015749872909, 2.3386007353534297, 1.7724124380209099, 0.9953275906702446], "((3, 0),)": [0.9226192063879111, 1.5796173995710814, 2.25009744086744, 1.6961110858580126, 1.2965142846047875], "((4, 4),)": [0.9050645059877198, 1.4062812721225477, 1.7158719484669478, 1.5297845898676508, 0.9180783281534811], "((0, 3),)": [0.8834588079189207, 1.3275229456157174, 1.742939145412753, 1.7935761656229432, 1.074536160705427], "((1, 0),)": [1.0360180824952483, 1.9248922930117134, 2.436543294224211, 2.214084488927867, 1.4368751202824879], "((4, 0),)": [0.6845551146577437, 1.3314025876510915, 1.486110717230159, 1.3411467744870205, 1.0449228605658012], "((0, 4),)": [0.6953245360467323, 1.406520094795243, 1.266829810457367, 1.1436085985407949, 1.0689743822897106], "((1, 4),)": [1.0505649186243486, 2.6051764806907354, 2.2623046672084843, 1.942056128534844, 1.2935017797721327], "((2, 0),)": [1.3483539277786798, 2.6771703755851437, 4.317332744964214, 2.549655271308554, 1.823215854183108], "((3, 3),)": [1.2987132907782002, 2.4425962359606106, 2.5921621350180333, 2.1538598554839687, 1.446406047664755], "((3, 1),)": [1.0682595383486042, 3.5537311906308298, 3.286734770291192, 2.6147284437350704, 1.288684205425557], "((3, 2),)": [1.612658994406972, 2.8297577658014674, 2.633504093480533, 2.29471334855455, 1.6502467217958914], "((0, 2),)": [0.9787979841060465, 1.5013162625206815, 1.5631771174738258, 2.041066760933508, 1.088583718707493], "((4, 3),)": [1.1290777759705122, 1.681253164002668, 1.9227518553169134, 1.7434701292702433, 1.0434930691299125], "((0, 1),)": [0.8406460940437401, 1.9424494001861836, 1.7914844037135833, 1.6310850123901717, 1.0570731203059844], "((1, 3),)": [1.5738132805033977, 3.4044953911940867, 4.017191119203507, 2.527601001954704, 1.8039666261567804], "((4, 1),)": [0.7709477307535904, 1.713850025652348, 1.3964564074706267, 1.8088648080221614, 0.9868715880665271], "((1, 2),)": [1.663860060382948, 5.6464921830990304, 4.946964943389402, 2.426317069553619, 2.079852134026898], "((2, 4),)": [1.6017883404780344, 3.3155026885814527, 3.9809742144783327, 2.561686752674843, 1.5354641224329975], "((3, 4),)": [1.1263252149831469, 1.7052968863418463, 2.5784861002783113, 1.7083439514519503, 1.3609238173171248], "((2, 1),)": [2.9708190406514383, 66.5986574703781, 5.592975150113754, 3.8088633787902157, 2.429526452433992], "((0, 0),)": [0.719029116662296, 1.4675586105980925, 1.4204272141514647, 0.9147852062204486, 0.5093389323392122], "((1, 1),)": [1.5936793649346581, 66.66180894438925, 4.552790454029477, 3.2648743624234373, 1.8993993945069447], "((2, 3),)": [2.0039965340156685, 4.342612676827937, 4.947299745844092, 3.5112833931035414, 2.3461251698554775]}}