{"meta": {"n": 2, "c": 1.0, "b": 3.0, "phi": 1.0, "sigma": 0.0, "rho": 0.0, "kappa": 25, "K": 1, "price_grid": [1.0, 1.25, 1.5, 1.75, 2.0], "observed_shocks": true, "mu": 1.5, "seed": 42, "n_actions": 5, "fp": "0abac3921a702a92a15fbbac"}, "Q": {"((2, 2),)": [1.8737213493244562, 7.753043070459893, 6.3607518112862245, 4.131839157761851, 3.2232166273281537], "((4, 4),)": [0.9814735417226786, 1.528984566298834, 1.7156696730768004, 2.1597250014605294, 0.8789371321537675], "((3, 3),)": [1.2211513437485724, 2.712708951887344, 3.928292688398999, 2.963964407561065, 1.6724633581606005], "((0, 1),)": [1.0032985315907483, 1.9970425950769046, 3.4942968374825902, 2.1491687573626477, 0.9498823560809868], "((2, 4),)": [0.9278916485113703, 2.870277835123969, 4.554653242162976, 3.1101942470866746, 1.8499228016694742], "((1, 1),)": [1.7722969334601038, 43.744834416583515, 7.25821625046338, 3.861501932836653, 2.646207761184016], "((0, 0),)": [0.6258046178491448, 0.9280560432284718, 1.5503088638329139, 1.5312030091761621, 0.7485703250839132], "((1, 0),)": [0.6327158953557699, 2.9045170131457714, 2.825570943025708, 1.6170994982029099, 1.4942844948527085], "((3, 4),)": [0.9872406409299299, 2.729578372248162, 3.3358220456287273, 1.6860809975423867, 1.2271001211880654], "((1, 4),)": [1.0189865105389908, 3.864595677261975, 3.1881605036367073, 2.87202409608325, 1.1602771515476675], "((4, 2),)": [0.8839321436781316, 2.878178506048555, 3.8211054944184575, 2.950406970577821, 1.958611067358394], "((0, 3),)": [0.949507491305969, 2.4932567744244793, 1.8435546207285505, 1.7831951848443777, 1.3867222613246284], "((1, 2),)": [1.587238897483311, 8.082208806617192, 6.2045359281010315, 4.0686506261362965, 3.0313389303029115], "((2, 0),)": [0.9443661094760125, 2.078834810472288, 3.473127150588003, 2.0297203701834694, 1.452295806482198], "((2, 3),)": [1.6154412775500364, 5.240596988926534, 4.562273012122496, 3.01660332130201, 2.6149004226271284], "((3, 2),)": [1.5067966471195804, 5.45157362909381, 4.449146448444973, 3.2434020319074555, 2.512380777113819], "((4, 1),)": [0.9657748110976007, 2.739816480446057, 4.064588878755381, 2.4131194819635637, 1.4086704801838985], "((4, 3),)": [1.373926810967073, 1.7792650936995755, 3.1440034780463417, 1.734437954001974, 1.0212190028156303], "((4, 0),)": [0.7031186335637714, 1.3001532692900435, 1.6847720623735154, 1.7292216465950832, 1.219601648440048], "((1, 3),)": [1.1703628209378567, 4.314303061144729, 4.701129246397733, 3.2143888865004344, 2.20376530696697], "((2, 1),)": [1.6924964452774833, 12.207400119533048, 7.150859244844921, 3.6732554348343642, 2.946375823258456], "((0, 4),)": [0.5564943138992989, 2.019103530967139, 2.1689842794925607, 1.3435246707840456, 1.0505992031931852], "((3, 0),)": [0.8855989318977303, 1.6238711347196526, 2.3018261494904007, 1.742434193826528, 1.72140485528768], "((0, 2),)": [0.7863216415483076, 2.229637281538651, 3.6801096672373084, 2.609666504006603, 1.6614107355728107], "((3, 1),)": [1.7022577796079286, 6.596671275292742, 5.109390101799802, 2.9076805040357576, 1.7305583152436534]}}